period,year,quarter,table,table_num,bank_group,region,row_type,original_row_idx,country_region,Claims_on_Banking_Sector_Ultimate_Risk_Claims_2_Cross_Border_Claims,Claims_on_Local_Residents,Fair_Value_of_Derivatives_3,Total_Claims,Immediate_Counterparty_Basis_Claims_Cross_Border_Claims,Claims_on_Local_Residents,Claims_on_Public_Sector_Ultimate_Risk_Claims_2_Cross_Border_Claims,Claims_on_Local_Residents,Fair_Value_of_Derivatives_3,Total_Claims,Immediate_Counterparty_Basis_Claims_Cross_Border_Claims,Claims_on_Local_Residents,Claims_on_Non_Bank_Financial_Sector_Ultimate_Risk_Claims_2_Cross_Border_Claims,Claims_on_Local_Residents,Fair_Value_of_Derivatives_3,Total_Claims,Immediate_Counterparty_Basis_Claims_Cross_Border_Claims,Claims_on_Local_Residents
2023Q2,2023,Q2,Table 4.1,4.1,LFI,G-10 and Luxembourg,country_data,8,BELGIUM,7938.0,77.0,99.0,8114.0,8097.0,0.0,8230.0,81.0,133.0,8444.0,8176.0,0.0,3626.0,33.0,410.0,4069.0,3658.0,6.0
2023Q2,2023,Q2,Table 4.1,4.1,LFI,G-10 and Luxembourg,country_data,9,CANADA,26151.0,5997.0,2386.0,34534.0,23074.0,977.0,11263.0,24041.0,413.0,35717.0,11055.0,16.0,38753.0,10864.0,2404.0,52021.0,39068.0,1467.0
2023Q2,2023,Q2,Table 4.1,4.1,LFI,G-10 and Luxembourg,country_data,10,FRANCE,40656.0,1064.0,4406.0,46126.0,39048.0,69.0,28400.0,11522.0,5943.0,45865.0,26107.0,0.0,119116.0,14215.0,3949.0,137280.0,120249.0,1850.0
2023Q2,2023,Q2,Table 4.1,4.1,LFI,G-10 and Luxembourg,country_data,11,GERMANY,13601.0,6415.0,2648.0,22664.0,13522.0,938.0,22442.0,214865.0,8601.0,245908.0,17063.0,7.0,38175.0,28541.0,18090.0,84806.0,41537.0,353.0
2023Q2,2023,Q2,Table 4.1,4.1,LFI,G-10 and Luxembourg,country_data,12,ITALY,14308.0,365.0,741.0,15414.0,14042.0,34.0,31229.0,338.0,2834.0,34401.0,31038.0,0.0,6985.0,2608.0,1132.0,10725.0,7027.0,173.0
2023Q2,2023,Q2,Table 4.1,4.1,LFI,G-10 and Luxembourg,country_data,13,JAPAN,61527.0,34770.0,4712.0,101009.0,53739.0,26102.0,18371.0,150296.0,2259.0,170926.0,18136.0,1.0,16556.0,144337.0,4825.0,165718.0,15467.0,539.0
2023Q2,2023,Q2,Table 4.1,4.1,LFI,G-10 and Luxembourg,country_data,14,LUXEMBOURG,864.0,193.0,48.0,1105.0,2910.0,140.0,71.0,1235.0,22.0,1328.0,70.0,0.0,57190.0,2493.0,4839.0,64522.0,62592.0,1408.0
2023Q2,2023,Q2,Table 4.1,4.1,LFI,G-10 and Luxembourg,country_data,15,NETHERLANDS,5988.0,274.0,2223.0,8485.0,2921.0,58.0,5344.0,8422.0,2475.0,16241.0,5159.0,0.0,13052.0,108.0,3363.0,16523.0,15165.0,4.0
2023Q2,2023,Q2,Table 4.1,4.1,LFI,G-10 and Luxembourg,country_data,16,SWEDEN,6648.0,1.0,235.0,6884.0,7810.0,0.0,670.0,516.0,14.0,1200.0,591.0,0.0,3385.0,8.0,460.0,3853.0,3380.0,7.0
2023Q2,2023,Q2,Table 4.1,4.1,LFI,G-10 and Luxembourg,country_data,17,SWITZERLAND,11406.0,171.0,1296.0,12873.0,9794.0,134.0,2311.0,27011.0,1.0,29323.0,2142.0,11.0,6837.0,5526.0,698.0,13061.0,6186.0,5538.0
2023Q2,2023,Q2,Table 4.1,4.1,LFI,G-10 and Luxembourg,country_data,18,UNITED KINGDOM,9410.0,17226.0,3495.0,30131.0,7242.0,14669.0,3093.0,174361.0,14570.0,192024.0,2819.0,10306.0,45283.0,105716.0,22098.0,173097.0,44739.0,42338.0
2023Q2,2023,Q2,Table 4.1,4.1,LFI,Non G-10 Developed Countries,country_data,22,AUSTRALIA,5147.0,9255.0,1246.0,15648.0,5072.0,206.0,2974.0,22867.0,494.0,26335.0,2971.0,25.0,10222.0,27808.0,2903.0,40933.0,10166.0,1465.0
2023Q2,2023,Q2,Table 4.1,4.1,LFI,Non G-10 Developed Countries,country_data,23,AUSTRIA,3301.0,0.0,191.0,3492.0,3170.0,0.0,4697.0,0.0,353.0,5050.0,4595.0,0.0,573.0,1.0,90.0,664.0,594.0,0.0
2023Q2,2023,Q2,Table 4.1,4.1,LFI,Non G-10 Developed Countries,country_data,24,CYPRUS,15.0,0.0,0.0,15.0,14.0,0.0,152.0,0.0,0.0,152.0,152.0,0.0,314.0,0.0,35.0,349.0,260.0,0.0
2023Q2,2023,Q2,Table 4.1,4.1,LFI,Non G-10 Developed Countries,country_data,25,DENMARK,4268.0,4.0,536.0,4808.0,4027.0,1.0,740.0,452.0,573.0,1765.0,218.0,0.0,2260.0,6.0,1785.0,4051.0,2306.0,6.0
2023Q2,2023,Q2,Table 4.1,4.1,LFI,Non G-10 Developed Countries,country_data,26,FINLAND,4110.0,6.0,111.0,4227.0,2965.0,0.0,3921.0,1.0,1689.0,5611.0,3542.0,0.0,683.0,2.0,560.0,1245.0,829.0,0.0
2023Q2,2023,Q2,Table 4.1,4.1,LFI,Non G-10 Developed Countries,country_data,27,GREECE,1531.0,0.0,194.0,1725.0,1547.0,0.0,1621.0,2.0,15.0,1638.0,1621.0,0.0,226.0,53.0,0.0,279.0,226.0,0.0
2023Q2,2023,Q2,Table 4.1,4.1,LFI,Non G-10 Developed Countries,country_data,28,IRELAND,1430.0,731.0,57.0,2218.0,1314.0,219.0,1728.0,11903.0,12.0,13643.0,1724.0,46.0,63982.0,9428.0,3200.0,76610.0,65333.0,2573.0
2023Q2,2023,Q2,Table 4.1,4.1,LFI,Non G-10 Developed Countries,country_data,29,ISRAEL,7100.0,16.0,211.0,7327.0,7107.0,5.0,2032.0,3531.0,18.0,5581.0,2113.0,6.0,2819.0,106.0,601.0,3526.0,2917.0,3.0
2023Q2,2023,Q2,Table 4.1,4.1,LFI,Non G-10 Developed Countries,country_data,30,NEW ZEALAND,383.0,309.0,14.0,706.0,475.0,0.0,934.0,1387.0,156.0,2477.0,934.0,0.0,861.0,0.0,102.0,963.0,879.0,0.0
2023Q2,2023,Q2,Table 4.1,4.1,LFI,Non G-10 Developed Countries,country_data,31,NORWAY,4242.0,0.0,65.0,4307.0,3871.0,1.0,11365.0,56.0,152.0,11573.0,11146.0,0.0,1951.0,2.0,171.0,2124.0,1919.0,2.0
2023Q2,2023,Q2,Table 4.1,4.1,LFI,Non G-10 Developed Countries,country_data,32,PORTUGAL,1621.0,1.0,4.0,1626.0,1619.0,0.0,1620.0,45.0,6.0,1671.0,1602.0,0.0,114.0,0.0,5.0,119.0,116.0,0.0
2023Q2,2023,Q2,Table 4.1,4.1,LFI,Non G-10 Developed Countries,country_data,33,SLOVAKIA,209.0,5.0,0.0,214.0,207.0,0.0,1169.0,0.0,58.0,1227.0,1169.0,0.0,163.0,12.0,0.0,175.0,163.0,0.0
2023Q2,2023,Q2,Table 4.1,4.1,LFI,Non G-10 Developed Countries,country_data,34,SPAIN,13554.0,184.0,1920.0,15658.0,13325.0,3.0,20442.0,341.0,365.0,21148.0,19733.0,0.0,5727.0,20.0,198.0,5945.0,5743.0,0.0
2023Q2,2023,Q2,Table 4.1,4.1,LFI,Non G-10 Developed Countries,country_data,35,OTHER NON G-10 DEV.,423.0,1.0,82.0,506.0,900.0,0.0,31414.0,0.0,268.0,31682.0,31414.0,0.0,394.0,1.0,4.0,399.0,474.0,0.0
2023Q2,2023,Q2,Table 4.1,4.1,LFI,Eastern Europe,country_data,39,BULGARIA,47.0,0.0,4.0,51.0,54.0,0.0,72.0,290.0,0.0,362.0,72.0,9.0,72.0,0.0,0.0,72.0,72.0,0.0
2023Q2,2023,Q2,Table 4.1,4.1,LFI,Eastern Europe,country_data,40,CZECH REPUBLIC,3575.0,36.0,47.0,3658.0,3634.0,0.0,3869.0,3040.0,11.0,6920.0,3863.0,0.0,123.0,12.0,0.0,135.0,123.0,0.0
2023Q2,2023,Q2,Table 4.1,4.1,LFI,Eastern Europe,country_data,41,HUNGARY,1428.0,45.0,50.0,1523.0,1568.0,6.0,3032.0,1510.0,28.0,4570.0,3027.0,0.0,145.0,16.0,8.0,169.0,145.0,0.0
2023Q2,2023,Q2,Table 4.1,4.1,LFI,Eastern Europe,country_data,42,KOSOVO,0.0,0.0,0.0,0.0,0.0,0.0,0.0,0.0,0.0,0.0,0.0,0.0,0.0,0.0,0.0,0.0,0.0,0.0
2023Q2,2023,Q2,Table 4.1,4.1,LFI,Eastern Europe,country_data,43,POLAND,1015.0,509.0,44.0,1568.0,1158.0,525.0,584.0,7762.0,0.0,8346.0,441.0,362.0,627.0,313.0,290.0,1230.0,626.0,14.0
2023Q2,2023,Q2,Table 4.1,4.1,LFI,Eastern Europe,country_data,44,ROMANIA,255.0,121.0,9.0,385.0,264.0,0.0,476.0,1928.0,0.0,2404.0,475.0,223.0,72.0,13.0,0.0,85.0,72.0,0.0
2023Q2,2023,Q2,Table 4.1,4.1,LFI,Eastern Europe,country_data,45,RUSSIA,1317.0,235.0,0.0,1552.0,1331.0,38.0,97.0,3302.0,0.0,3399.0,97.0,1627.0,18.0,1015.0,0.0,1033.0,18.0,16.0
2023Q2,2023,Q2,Table 4.1,4.1,LFI,Eastern Europe,country_data,46,TURKEY,5252.0,53.0,188.0,5493.0,5542.0,0.0,778.0,1613.0,0.0,2391.0,877.0,263.0,255.0,77.0,2.0,334.0,282.0,0.0
2023Q2,2023,Q2,Table 4.1,4.1,LFI,Eastern Europe,country_data,47,OTHER E. EUROPE,384.0,1.0,41.0,426.0,388.0,1.0,2267.0,1130.0,43.0,3440.0,2535.0,0.0,300.0,0.0,1.0,301.0,204.0,0.0
2023Q2,2023,Q2,Table 4.1,4.1,LFI,Latin America and Caribbean,country_data,51,ANGUILLA,0.0,0.0,0.0,0.0,0.0,0.0,0.0,0.0,0.0,0.0,0.0,0.0,53.0,0.0,31.0,84.0,53.0,0.0
2023Q2,2023,Q2,Table 4.1,4.1,LFI,Latin America and Caribbean,country_data,52,ARGENTINA,525.0,52.0,0.0,577.0,517.0,2.0,211.0,4167.0,4.0,4382.0,211.0,589.0,33.0,46.0,0.0,79.0,36.0,0.0
2023Q2,2023,Q2,Table 4.1,4.1,LFI,Latin America and Caribbean,country_data,53,BRAZIL,8835.0,2702.0,385.0,11922.0,3811.0,2.0,20238.0,31942.0,0.0,52180.0,20238.0,5722.0,1967.0,4352.0,1322.0,7641.0,1713.0,0.0
2023Q2,2023,Q2,Table 4.1,4.1,LFI,Latin America and Caribbean,country_data,54,CHILE,5868.0,22.0,382.0,6272.0,5891.0,0.0,199.0,3552.0,0.0,3751.0,199.0,0.0,851.0,2585.0,68.0,3504.0,862.0,0.0
2023Q2,2023,Q2,Table 4.1,4.1,LFI,Latin America and Caribbean,country_data,55,COLOMBIA,1952.0,50.0,137.0,2139.0,2343.0,1.0,219.0,1893.0,4.0,2116.0,213.0,0.0,280.0,796.0,190.0,1266.0,425.0,0.0
2023Q2,2023,Q2,Table 4.1,4.1,LFI,Latin America and Caribbean,country_data,56,COSTA RICA,45.0,172.0,0.0,217.0,51.0,65.0,38.0,834.0,0.0,872.0,38.0,151.0,47.0,0.0,0.0,47.0,57.0,0.0
2023Q2,2023,Q2,Table 4.1,4.1,LFI,Latin America and Caribbean,country_data,57,DOMINICAN REPUBLIC,445.0,6.0,0.0,451.0,445.0,0.0,464.0,312.0,5.0,781.0,499.0,24.0,96.0,11.0,0.0,107.0,97.0,2.0
2023Q2,2023,Q2,Table 4.1,4.1,LFI,Latin America and Caribbean,country_data,58,ECUADOR,44.0,29.0,33.0,106.0,44.0,29.0,37.0,209.0,0.0,246.0,37.0,209.0,7.0,12.0,0.0,19.0,35.0,12.0
2023Q2,2023,Q2,Table 4.1,4.1,LFI,Latin America and Caribbean,country_data,59,EL SALVADOR,82.0,7.0,0.0,89.0,97.0,7.0,28.0,146.0,0.0,174.0,28.0,146.0,1.0,0.0,0.0,1.0,6.0,0.0
2023Q2,2023,Q2,Table 4.1,4.1,LFI,Latin America and Caribbean,country_data,60,FRENCH GUIANA,0.0,0.0,0.0,0.0,0.0,0.0,0.0,0.0,0.0,0.0,0.0,0.0,0.0,0.0,0.0,0.0,0.0,0.0
2023Q2,2023,Q2,Table 4.1,4.1,LFI,Latin America and Caribbean,country_data,61,GUATEMALA,604.0,11.0,0.0,615.0,640.0,0.0,29.0,328.0,1.0,358.0,29.0,50.0,0.0,0.0,2.0,2.0,2.0,0.0
2023Q2,2023,Q2,Table 4.1,4.1,LFI,Latin America and Caribbean,country_data,62,HONDURAS,325.0,1.0,0.0,326.0,325.0,0.0,12.0,254.0,0.0,266.0,12.0,34.0,13.0,0.0,0.0,13.0,13.0,0.0
2023Q2,2023,Q2,Table 4.1,4.1,LFI,Latin America and Caribbean,country_data,63,MEXICO,1717.0,5033.0,607.0,7357.0,1786.0,563.0,1928.0,33159.0,589.0,35676.0,1994.0,344.0,2610.0,10213.0,552.0,13375.0,2882.0,452.0
2023Q2,2023,Q2,Table 4.1,4.1,LFI,Latin America and Caribbean,country_data,64,MONTSERRAT,0.0,0.0,0.0,0.0,0.0,0.0,0.0,0.0,0.0,0.0,0.0,0.0,0.0,0.0,0.0,0.0,0.0,0.0
2023Q2,2023,Q2,Table 4.1,4.1,LFI,Latin America and Caribbean,country_data,65,PERU,1309.0,17.0,15.0,1341.0,1400.0,10.0,807.0,1342.0,7.0,2156.0,810.0,97.0,128.0,207.0,35.0,370.0,402.0,0.0
2023Q2,2023,Q2,Table 4.1,4.1,LFI,Latin America and Caribbean,country_data,66,URUGUAY,294.0,8.0,6.0,308.0,294.0,1.0,242.0,493.0,0.0,735.0,242.0,163.0,262.0,382.0,1.0,645.0,271.0,3.0
2023Q2,2023,Q2,Table 4.1,4.1,LFI,Latin America and Caribbean,country_data,67,VENEZUELA,0.0,0.0,0.0,0.0,0.0,0.0,17.0,0.0,0.0,17.0,16.0,0.0,0.0,0.0,0.0,0.0,5.0,0.0
2023Q2,2023,Q2,Table 4.1,4.1,LFI,Latin America and Caribbean,country_data,68,OTHER LAT. AM. & CAR.,153.0,103.0,20.0,276.0,234.0,15.0,79.0,667.0,1.0,747.0,142.0,63.0,22471.0,7.0,991.0,23469.0,26522.0,7.0
2023Q2,2023,Q2,Table 4.1,4.1,LFI,Asia and Pacific,country_data,72,CHINA-MAINLAND,13699.0,6850.0,691.0,21240.0,12168.0,702.0,10364.0,17851.0,224.0,28439.0,10333.0,884.0,9338.0,3980.0,559.0,13877.0,8601.0,501.0
2023Q2,2023,Q2,Table 4.1,4.1,LFI,Asia and Pacific,country_data,73,INDIA,4992.0,3272.0,379.0,8643.0,4635.0,12.0,1283.0,32177.0,47.0,33507.0,1283.0,0.0,2920.0,6997.0,320.0,10237.0,2852.0,6.0
2023Q2,2023,Q2,Table 4.1,4.1,LFI,Asia and Pacific,country_data,74,INDONESIA,1451.0,590.0,21.0,2062.0,1280.0,588.0,2460.0,4905.0,32.0,7397.0,2468.0,1132.0,247.0,872.0,17.0,1136.0,263.0,48.0
2023Q2,2023,Q2,Table 4.1,4.1,LFI,Asia and Pacific,country_data,75,"KOREA, SOUTH",12178.0,5085.0,1484.0,18747.0,10127.0,831.0,20672.0,21952.0,1460.0,44084.0,18403.0,558.0,14459.0,6664.0,2778.0,23901.0,14451.0,4.0
2023Q2,2023,Q2,Table 4.1,4.1,LFI,Asia and Pacific,country_data,76,KUWAIT,1329.0,1.0,1.0,1331.0,1327.0,0.0,9558.0,231.0,19.0,9808.0,9523.0,0.0,2860.0,0.0,15.0,2875.0,2860.0,0.0
2023Q2,2023,Q2,Table 4.1,4.1,LFI,Asia and Pacific,country_data,77,MALAYSIA,1897.0,2231.0,124.0,4252.0,2015.0,361.0,384.0,9727.0,21.0,10132.0,384.0,1897.0,384.0,342.0,24.0,750.0,389.0,100.0
2023Q2,2023,Q2,Table 4.1,4.1,LFI,Asia and Pacific,country_data,78,PAKISTAN,5.0,1.0,6.0,12.0,15.0,0.0,45.0,668.0,0.0,713.0,45.0,21.0,0.0,0.0,0.0,0.0,0.0,0.0
2023Q2,2023,Q2,Table 4.1,4.1,LFI,Asia and Pacific,country_data,79,PHILIPPINES,1597.0,916.0,12.0,2525.0,1521.0,839.0,509.0,3682.0,7.0,4198.0,509.0,50.0,58.0,164.0,4.0,226.0,57.0,0.0
2023Q2,2023,Q2,Table 4.1,4.1,LFI,Asia and Pacific,country_data,80,QATAR,4005.0,10.0,14.0,4029.0,3576.0,0.0,1225.0,0.0,0.0,1225.0,1145.0,0.0,744.0,0.0,6.0,750.0,530.0,0.0
2023Q2,2023,Q2,Table 4.1,4.1,LFI,Asia and Pacific,country_data,81,SAUDI ARABIA,4217.0,617.0,7.0,4841.0,3725.0,115.0,6375.0,470.0,92.0,6937.0,6177.0,0.0,3427.0,103.0,69.0,3599.0,3890.0,0.0
2023Q2,2023,Q2,Table 4.1,4.1,LFI,Asia and Pacific,country_data,82,TAIWAN,2695.0,1261.0,215.0,4171.0,2412.0,98.0,10911.0,8549.0,52.0,19512.0,10911.0,15.0,12670.0,804.0,392.0,13866.0,12670.0,333.0
2023Q2,2023,Q2,Table 4.1,4.1,LFI,Asia and Pacific,country_data,83,THAILAND,595.0,3217.0,208.0,4020.0,506.0,198.0,794.0,5708.0,80.0,6582.0,794.0,0.0,561.0,68.0,178.0,807.0,561.0,0.0
2023Q2,2023,Q2,Table 4.1,4.1,LFI,Asia and Pacific,country_data,84,UNITED ARAB EMIRATES,7378.0,367.0,60.0,7805.0,7969.0,263.0,2238.0,5563.0,23.0,7824.0,2208.0,114.0,4162.0,19.0,26.0,4207.0,4348.0,109.0
2023Q2,2023,Q2,Table 4.1,4.1,LFI,Asia and Pacific,country_data,85,WEST BANK AND GAZA,0.0,0.0,0.0,0.0,1.0,0.0,0.0,0.0,0.0,0.0,0.0,0.0,0.0,0.0,0.0,0.0,0.0,0.0
2023Q2,2023,Q2,Table 4.1,4.1,LFI,Asia and Pacific,country_data,86,OTHER ASIA AND PACIFIC,2395.0,236.0,22.0,2653.0,2971.0,30.0,1011.0,3432.0,52.0,4495.0,1317.0,1463.0,795.0,95.0,3.0,893.0,1141.0,0.0
2023Q2,2023,Q2,Table 4.1,4.1,LFI,Africa,country_data,90,ALGERIA,1.0,17.0,0.0,18.0,5.0,0.0,0.0,779.0,0.0,779.0,0.0,43.0,0.0,0.0,0.0,0.0,0.0,0.0
2023Q2,2023,Q2,Table 4.1,4.1,LFI,Africa,country_data,91,EGYPT,784.0,73.0,0.0,857.0,859.0,66.0,705.0,1700.0,0.0,2405.0,704.0,37.0,33.0,199.0,0.0,232.0,33.0,0.0
2023Q2,2023,Q2,Table 4.1,4.1,LFI,Africa,country_data,92,GHANA,34.0,0.0,0.0,34.0,34.0,0.0,1162.0,0.0,0.0,1162.0,1294.0,0.0,0.0,0.0,0.0,0.0,0.0,0.0
2023Q2,2023,Q2,Table 4.1,4.1,LFI,Africa,country_data,93,KENYA,169.0,36.0,1.0,206.0,174.0,6.0,87.0,448.0,0.0,535.0,87.0,21.0,2.0,0.0,0.0,2.0,2.0,0.0
2023Q2,2023,Q2,Table 4.1,4.1,LFI,Africa,country_data,94,MOROCCO,59.0,141.0,3.0,203.0,64.0,0.0,80.0,413.0,0.0,493.0,80.0,0.0,26.0,0.0,0.0,26.0,26.0,0.0
2023Q2,2023,Q2,Table 4.1,4.1,LFI,Africa,country_data,95,NIGERIA,740.0,477.0,4.0,1221.0,857.0,0.0,9470.0,2116.0,334.0,11920.0,9457.0,0.0,430.0,0.0,0.0,430.0,430.0,0.0
2023Q2,2023,Q2,Table 4.1,4.1,LFI,Africa,country_data,96,SAINT HELENA,0.0,0.0,0.0,0.0,0.0,0.0,0.0,0.0,0.0,0.0,0.0,0.0,0.0,0.0,0.0,0.0,0.0,0.0
2023Q2,2023,Q2,Table 4.1,4.1,LFI,Africa,country_data,97,SOUTH AFRICA,1857.0,449.0,179.0,2485.0,1714.0,2.0,784.0,4417.0,4.0,5205.0,717.0,0.0,1043.0,1416.0,21.0,2480.0,1158.0,0.0
2023Q2,2023,Q2,Table 4.1,4.1,LFI,Africa,country_data,98,SOUTH SUDAN,1.0,0.0,0.0,1.0,1.0,0.0,0.0,0.0,0.0,0.0,0.0,0.0,0.0,0.0,0.0,0.0,0.0,0.0
2023Q2,2023,Q2,Table 4.1,4.1,LFI,Africa,country_data,99,OTHER AFRICA,794.0,55.0,4.0,853.0,826.0,3.0,2116.0,1592.0,8.0,3716.0,2316.0,412.0,146.0,26.0,5.0,177.0,288.0,0.0
2023Q2,2023,Q2,Table 4.1,4.1,LFI,Banking Centers,country_data,103,BAHAMAS,21.0,7.0,1.0,29.0,2811.0,6.0,178.0,13.0,4.0,195.0,178.0,0.0,3675.0,0.0,53.0,3728.0,3866.0,0.0
2023Q2,2023,Q2,Table 4.1,4.1,LFI,Banking Centers,country_data,104,BAHRAIN,1671.0,5.0,15.0,1691.0,1708.0,0.0,123.0,166.0,0.0,289.0,123.0,0.0,72.0,25.0,0.0,97.0,72.0,0.0
2023Q2,2023,Q2,Table 4.1,4.1,LFI,Banking Centers,country_data,105,BERMUDA,94.0,6.0,0.0,100.0,85.0,6.0,7.0,0.0,0.0,7.0,7.0,0.0,15346.0,0.0,1032.0,16378.0,17252.0,0.0
2023Q2,2023,Q2,Table 4.1,4.1,LFI,Banking Centers,country_data,106,CAYMAN ISLANDS,341.0,8.0,1.0,350.0,2262.0,0.0,17.0,11.0,0.0,28.0,16.0,11.0,509775.0,650.0,10466.0,520891.0,550927.0,619.0
2023Q2,2023,Q2,Table 4.1,4.1,LFI,Banking Centers,country_data,107,HONG KONG,6050.0,1996.0,168.0,8214.0,7154.0,2127.0,499.0,14759.0,55.0,15313.0,435.0,11.0,16244.0,8786.0,736.0,25766.0,16159.0,4198.0
2023Q2,2023,Q2,Table 4.1,4.1,LFI,Banking Centers,country_data,108,LEBANON,1.0,8.0,0.0,9.0,11.0,0.0,151.0,36.0,0.0,187.0,151.0,16.0,2.0,0.0,0.0,2.0,2.0,0.0
2023Q2,2023,Q2,Table 4.1,4.1,LFI,Banking Centers,country_data,109,MAURITIUS,274.0,61.0,2.0,337.0,282.0,103.0,807.0,46.0,0.0,853.0,807.0,46.0,1013.0,1.0,118.0,1132.0,1117.0,0.0
2023Q2,2023,Q2,Table 4.1,4.1,LFI,Banking Centers,country_data,110,PANAMA,1014.0,7.0,6.0,1027.0,1103.0,0.0,130.0,573.0,423.0,1126.0,149.0,571.0,1257.0,3.0,24.0,1284.0,1642.0,0.0
2023Q2,2023,Q2,Table 4.1,4.1,LFI,Banking Centers,country_data,111,SINGAPORE,6889.0,3236.0,389.0,10514.0,8645.0,2677.0,33345.0,32088.0,282.0,65715.0,33096.0,15.0,8010.0,6817.0,732.0,15559.0,8038.0,5091.0
2023Q2,2023,Q2,Table 4.1,4.1,LFI,Banking Centers,country_data,112,OTHER BANKING CENTERS,283.0,0.0,0.0,283.0,488.0,1.0,72.0,122.0,16.0,210.0,95.0,0.0,20193.0,468.0,1121.0,21782.0,20899.0,327.0
2023Q2,2023,Q2,Table 4.1,4.1,LFI,International & Regional Organizations,country_data,116,AFRICAN,0.0,0.0,0.0,0.0,0.0,0.0,733.0,0.0,492.0,1225.0,709.0,0.0,0.0,0.0,0.0,0.0,0.0,0.0
2023Q2,2023,Q2,Table 4.1,4.1,LFI,International & Regional Organizations,country_data,120,INTERNATIONAL,0.0,0.0,0.0,0.0,0.0,0.0,13865.0,0.0,10797.0,24662.0,11758.0,0.0,0.0,0.0,0.0,0.0,0.0,0.0
2023Q2,2023,Q2,Table 4.1,4.1,LFI,International & Regional Organizations,country_data,121,LATIN AMERICAN,0.0,0.0,0.0,0.0,0.0,0.0,4034.0,0.0,3047.0,7081.0,4024.0,0.0,0.0,0.0,0.0,0.0,0.0,0.0
2023Q2,2023,Q2,Table 4.1,4.1,LFI,International & Regional Organizations,country_data,125,UNITED STATES,34858.0,203387.0,9789.0,248034.0,18816.0,7077.0,62680.0,3066732.0,9652.0,3139064.0,58629.0,17.0,65262.0,3005364.0,53701.0,3124327.0,62954.0,22694.0
