year;AFG;AGO;ALB;ARE;ARG;ARM;AUS;AUT;AZE;BDI;BEL;BEN;BFA;BGD;BGR;BIH;BLR;BOL;BRA;BWA;CAF;CAN;CHE;CHL;CHN;CIV;CMR;COD;COG;COL;CRI;CZE;DEU;DNK;DOM;DZA;ECU;EGY;ERI;ESP;ETH;FIN;FRA;GAB;GBR;GEO;GHA;GIN;GMB;GNB;GRC;GTM;HKG;HND;HRV;HTI;HUN;IDN;IND;IRL;IRN;IRQ;ISR;ITA;JAM;JOR;JPN;KAZ;KEN;KGZ;KHM;KOR;KWT;LAO;LBN;LBR;LBY;LKA;LSO;LTU;LVA;MAR;MDA;MDG;MEX;MKD;MLI;MMR;MNG;MOZ;MRT;MWI;MYS;NAM;NER;NGA;NIC;NLD;NOR;NPL;NZL;OMN;PAK;PAN;PER;PHL;PNG;POL;PRT;PRY;QAT;ROU;RUS;RWA;SAU;SDN;SEN;SGP;SLE;SLV;SVK;SVN;SWE;TCD;TGO;THA;TJK;TKM;TUN;TUR;TWN;TZA;UGA;UKR;URY;USA;UZB;VEN;VNM;YEM;ZAF;ZMB;ZWE
2000q1;0,000;0,077;0,000;0,000;0,284;0,175;0,000;0,000;0,000;0,000;0,124;0,000;0,240;0,000;0,000;0,151;0,000;0,000;0,317;0,000;0,176;0,000;0,000;0,000;0,000;0,285;0,000;0,000;0,257;0,137;0,000;0,199;0,000;0,089;0,153;0,000;0,078;0,000;0,236;0,152;0,186;0,065;0,000;0,000;0,069;0,118;0,308;0,000;0,000;0,000;0,059;0,431;0,065;0,547;0,278;0,548;0,197;0,390;0,180;0,000;0,131;0,065;0,000;0,064;0,122;0,000;0,098;0,051;0,000;0,000;0,215;0,138;0,095;0,129;0,000;0,000;0,000;0,198;0,000;0,240;0,000;0,000;0,264;0,132;0,194;0,084;0,000;0,137;0,098;0,242;0,117;0,000;0,000;0,104;0,165;0,058;0,376;0,000;0,000;0,000;0,074;0,131;0,171;0,220;0,277;0,213;0,059;0,131;0,072;0,277;0,199;0,182;0,175;0,000;0,000;0,000;0,238;0,134;0,000;0,239;0,318;0,309;0,119;0,195;0,000;0,060;0,000;0,000;0,000;0,286;0,111;0,114;0,244;0,165;0,182;0,000;0,000;0,185;0,055;0,206;0,000;0,324;0,000
2000q2;0,000;0,169;0,000;0,402;0,313;0,592;0,269;0,270;0,152;0,000;0,000;0,000;0,126;0,209;0,059;0,000;0,000;0,000;0,075;0,000;0,000;0,000;0,088;0,000;0,000;0,000;0,000;0,000;0,224;0,449;0,128;0,177;0,000;0,744;0,127;0,000;0,081;0,000;0,320;0,065;0,716;0,000;0,071;0,000;0,000;0,000;0,000;0,000;0,000;0,314;0,067;0,466;0,000;0,000;0,127;1,399;0,237;0,360;0,000;0,165;0,076;0,158;0,255;0,061;0,183;0,128;0,091;0,064;0,000;0,000;0,299;0,000;0,152;0,000;0,221;0,000;0,072;0,431;0,464;0,060;0,210;0,000;0,206;0,000;0,064;0,153;0,000;0,269;0,149;0,195;0,000;0,000;0,000;0,106;0,000;0,000;0,000;0,000;0,072;0,000;0,083;0,079;0,000;0,000;0,238;0,077;0,131;0,213;0,000;0,792;0,000;0,070;0,045;0,000;0,270;0,000;0,109;0,000;0,467;0,452;0,061;0,434;0,074;0,000;0,000;0,077;0,000;0,000;0,000;0,411;0,000;0,000;0,180;0,145;0,308;0,000;0,056;0,137;0,057;0,000;0,186;0,000;0,163
2000q3;0,000;0,000;0,000;0,134;0,281;0,555;0,237;0,000;0,072;0,000;0,000;0,000;0,126;0,000;0,060;0,000;0,000;0,000;0,069;0,000;0,000;0,000;0,000;0,000;0,125;0,122;0,000;0,120;0,238;0,196;0,402;0,063;0,060;0,745;0,293;0,000;0,161;0,000;0,000;0,000;0,224;0,073;0,072;0,000;0,142;0,000;0,096;0,111;0,000;0,000;0,000;0,355;0,208;0,119;0,000;0,354;0,050;0,532;0,156;0,000;0,184;0,371;0,478;0,141;0,130;0,080;0,165;0,000;0,000;0,000;0,125;0,163;0,156;0,000;0,065;0,000;0,073;0,066;0,602;0,061;0,110;0,000;0,195;0,000;0,199;0,000;0,000;0,084;0,182;0,000;0,000;0,000;0,000;0,180;0,000;0,000;0,268;0,000;0,000;0,000;0,077;0,000;0,000;0,000;0,827;0,280;0,000;0,114;0,000;0,822;0,181;0,310;0,218;0,000;0,068;0,129;0,231;0,068;0,000;0,250;0,321;0,425;0,143;0,000;0,230;0,244;0,000;0,313;0,000;0,113;0,185;0,107;0,148;0,213;0,000;0,171;0,072;0,329;0,058;0,000;0,087;0,000;0,073
2000q4;0,000;0,168;0,080;0,000;0,345;0,000;0,139;0,085;0,000;0,000;0,000;0,173;0,238;0,000;0,130;0,000;0,000;0,000;0,188;0,212;0,000;0,075;0,000;0,000;0,065;0,203;0,000;0,000;0,223;0,246;0,203;0,393;0,067;0,393;0,000;0,000;0,000;0,132;0,000;0,000;0,223;0,000;0,143;0,000;0,074;0,155;0,000;0,130;0,000;0,329;0,000;0,454;0,077;0,000;0,000;0,524;0,062;0,517;0,000;0,000;0,000;0,350;0,279;0,126;0,256;0,082;0,239;0,000;0,000;0,000;0,290;0,153;0,000;0,000;0,269;0,000;0,143;0,289;0,438;0,000;0,065;0,186;0,000;0,000;0,140;0,000;0,176;0,171;0,366;0,102;0,000;0,106;0,061;0,000;0,000;0,062;0,140;0,000;0,155;0,000;0,303;0,000;0,000;0,103;0,766;0,140;0,134;0,000;0,074;0,246;0,108;0,305;0,000;0,125;0,207;0,069;0,305;0,000;0,000;0,000;0,254;0,060;0,000;0,000;0,000;0,958;0,137;0,080;0,000;0,220;0,291;0,000;0,000;0,285;0,152;0,083;0,311;0,181;0,000;0,000;0,379;0,307;0,155
2001q1;0,000;0,083;0,078;0,000;0,123;0,156;0,000;0,068;0,000;0,000;0,000;0,000;0,114;0,079;0,301;0,075;0,000;0,000;0,250;0,222;0,355;0,284;0,136;0,064;0,171;0,000;0,000;0,251;0,265;0,327;0,106;0,111;0,126;0,345;0,000;0,000;0,000;0,067;0,000;0,074;0,000;0,000;0,141;0,000;0,279;0,000;0,000;0,000;0,000;0,425;0,147;0,350;0,167;0,322;0,000;0,440;0,000;0,682;0,161;0,330;0,286;0,139;0,313;0,064;0,224;0,233;0,331;0,000;0,290;0,122;0,376;0,260;0,141;0,000;0,418;0,000;0,069;0,140;0,268;0,065;0,193;0,000;0,113;0,146;0,141;0,139;0,000;0,180;0,000;0,000;0,000;0,206;0,000;0,081;0,000;0,132;0,546;0,000;0,080;0,149;0,074;0,000;0,180;0,000;0,835;0,269;0,000;0,000;0,222;0,232;0,098;0,225;0,151;0,000;0,338;0,262;0,301;0,075;0,000;0,000;0,241;0,000;0,000;0,000;0,000;0,164;0,000;0,000;0,000;0,058;0,240;0,000;0,204;0,204;0,149;0,311;0,074;0,301;0,075;0,000;0,293;0,103;0,000
2001q2;0,000;0,082;0,078;0,076;0,387;0,132;0,135;0,000;0,000;0,000;0,075;0,000;0,097;0,000;0,302;0,000;0,125;0,085;0,430;0,122;0,000;0,298;0,067;0,144;0,000;0,000;0,000;0,115;0,215;0,362;0,333;0,188;0,064;0,171;0,595;0,000;0,340;0,000;0,000;0,269;0,191;0,073;0,000;0,000;0,194;0,149;0,078;0,000;0,000;0,187;0,189;0,409;0,070;0,194;0,065;0,147;0,115;0,598;0,000;0,112;0,427;0,207;0,307;0,123;0,000;0,198;0,240;0,068;0,331;0,109;0,387;0,325;0,073;0,123;0,198;0,000;0,000;0,446;0,000;0,198;0,140;0,000;0,210;0,000;0,142;0,000;0,000;0,320;0,174;0,252;0,000;0,130;0,000;0,279;0,000;0,000;0,394;0,068;0,075;0,157;0,155;0,069;0,000;0,102;0,596;0,145;0,000;0,000;0,148;0,000;0,071;0,071;0,000;0,000;0,000;0,000;0,094;0,000;0,245;0,337;0,332;0,000;0,069;0,189;0,000;0,135;0,000;0,189;0,000;0,504;0,055;0,000;0,000;0,266;0,000;0,069;0,070;0,567;0,000;0,077;0,210;0,199;0,067
2001q3;0,000;0,143;0,073;0,000;0,307;0,128;0,143;0,080;0,000;0,301;0,203;0,000;0,091;0,078;0,063;0,000;0,127;0,262;0,596;0,000;0,000;0,216;0,209;0,070;0,206;0,324;0,000;0,000;0,000;0,318;0,000;0,141;0,269;0,233;0,240;0,000;0,087;0,130;0,000;0,065;0,000;0,075;0,067;0,000;0,000;0,000;0,152;0,132;0,000;0,337;0,429;0,156;0,000;0,000;0,115;0,362;0,259;0,653;0,237;0,370;0,179;0,141;0,454;0,119;0,000;0,066;0,368;0,000;0,080;0,225;0,136;0,593;0,080;0,000;0,186;0,409;0,000;0,149;0,000;0,131;0,148;0,118;0,095;0,000;0,000;0,145;0,000;0,157;0,000;0,108;0,000;0,360;0,000;0,000;0,000;0,000;0,536;0,136;0,073;0,240;0,223;0,287;0,000;0,000;0,377;0,078;0,079;0,000;0,228;0,364;0,000;0,000;0,101;0,000;0,144;0,065;0,167;0,000;0,000;0,000;0,474;0,000;0,066;0,187;0,000;0,243;0,140;0,000;0,000;0,697;0,200;0,080;0,000;0,494;0,000;0,341;0,075;0,064;0,000;0,000;0,281;0,196;0,000
2001q4;0,218;0,128;0,163;0,000;0,432;0,000;0,071;0,307;0,000;0,142;0,143;0,000;0,105;0,000;0,000;0,000;0,000;0,169;0,220;0,098;0,000;0,528;0,639;0,129;0,109;0,157;0,000;0,000;0,000;0,383;0,101;0,314;0,130;0,000;0,222;0,204;0,089;0,132;0,000;0,203;0,194;0,079;0,258;0,000;0,123;0,116;0,150;0,136;0,000;0,309;0,470;0,082;0,102;0,000;0,110;0,000;0,000;0,262;0,000;0,685;0,524;0,250;0,207;0,188;0,120;0,064;0,241;0,000;0,231;0,097;0,797;0,177;0,161;0,165;0,000;0,355;0,076;0,280;0,154;0,000;0,146;0,356;0,000;0,689;0,289;0,148;0,171;0,079;0,000;0,000;0,000;0,109;0,000;0,094;0,084;0,251;0,738;0,462;0,257;0,422;0,749;0,210;0,281;0,195;0,137;0,074;0,000;0,000;0,453;0,191;0,083;0,132;0,209;0,000;0,211;0,183;0,000;0,230;0,000;0,272;0,536;0,124;0,428;0,000;0,000;0,182;0,000;0,000;0,143;0,533;0,113;0,089;0,146;0,133;0,210;0,269;0,000;0,249;0,080;0,085;0,131;0,198;0,135
2002q1;0,000;0,064;0,143;0,000;0,415;0,094;0,294;0,136;0,000;0,137;0,000;0,000;0,241;0,064;0,118;0,000;0,000;0,089;0,525;0,322;0,307;0,000;0,603;0,062;0,115;0,151;0,000;0,336;0,000;0,464;0,108;0,424;0,118;0,378;0,118;0,067;0,261;0,237;0,000;0,203;0,184;0,142;0,202;0,000;0,120;0,098;0,000;0,119;0,000;0,333;0,461;0,719;0,000;0,000;0,235;0,531;0,222;0,380;0,055;0,422;0,183;0,263;0,154;0,629;0,354;0,180;0,120;0,128;0,518;0,000;0,497;0,353;0,000;0,000;0,197;0,227;0,000;0,079;0,164;0,262;0,180;0,476;0,092;0,000;0,429;0,062;0,138;0,168;0,000;0,000;0,000;0,224;0,214;0,292;0,217;0,000;0,459;0,204;0,394;0,104;0,486;0,193;0,200;0,109;0,068;0,066;0,080;0,169;0,468;0,181;0,149;0,176;0,210;0,000;0,145;0,125;0,088;0,080;0,000;0,108;0,277;0,370;0,406;0,314;0,139;0,056;0,000;0,168;0,000;0,315;0,000;0,000;0,072;0,122;0,116;0,252;0,000;0,568;0,000;0,000;0,135;0,401;0,000
2002q2;0,000;0,000;0,149;0,000;0,000;0,162;0,000;0,000;0,121;0,000;0,000;0,000;0,000;0,228;0,054;0,000;0,000;0,649;0,189;0,115;0,000;0,492;0,256;0,000;0,116;0,000;0,000;0,000;0,269;0,000;0,230;0,395;0,446;0,000;0,257;0,000;0,000;0,142;0,000;0,323;0,546;0,183;0,612;0,000;0,000;0,083;0,000;0,115;0,000;0,317;0,316;0,908;0,000;0,000;0,000;0,142;0,000;0,212;0,129;0,510;0,000;0,000;0,125;0,551;0,231;0,000;0,000;0,196;0,212;0,000;0,000;0,258;0,000;0,000;0,000;0,128;0,155;0,172;0,138;0,509;0,381;0,258;0,258;0,000;0,378;0,142;0,000;0,360;0,000;0,105;0,000;0,336;0,073;0,000;0,000;0,301;0,276;0,000;0,117;0,191;0,000;0,000;0,100;0,000;0,000;0,075;0,000;0,000;0,534;0,000;0,000;0,065;0,000;0,124;0,169;0,000;0,000;0,399;0,095;0,467;0,000;0,000;0,000;0,000;0,156;0,000;0,000;0,000;0,000;0,000;0,000;0,086;0,000;0,261;0,255;0,134;0,000;0,000;0,175;0,000;0,000;0,572;0,000
2002q3;0,000;0,000;0,000;0,000;0,000;0,000;0,000;0,000;0,000;0,000;0,168;0,388;0,394;0,644;0,116;0,352;0,000;0,000;0,000;0,091;0,000;0,000;0,000;0,000;0,000;0,000;0,103;0,202;0,114;2,038;0,000;0,125;0,000;0,000;0,000;0,000;0,000;0,000;0,231;0,000;0,178;0,358;0,655;0,000;0,156;0,000;0,000;0,211;0,000;0,314;0,000;0,258;0,186;0,000;0,000;0,155;0,000;0,000;0,000;1,280;0,000;0,000;0,058;0,000;0,122;0,000;0,000;0,000;0,000;0,000;0,257;0,157;0,000;0,000;0,000;0,120;0,000;0,000;0,000;0,125;0,246;0,407;0,000;0,103;0,314;0,205;0,000;0,000;0,199;0,000;0,000;0,000;0,225;0,081;0,116;0,000;0,000;0,000;0,000;0,100;0,155;0,308;0,586;0,000;0,000;0,169;0,000;0,000;0,000;0,459;0,000;0,279;0,000;0,000;0,159;0,000;0,096;0,292;0,000;0,000;0,000;0,000;0,000;0,000;0,000;0,000;0,000;0,000;0,000;0,233;0,000;0,000;0,000;0,117;0,000;0,238;0,142;0,000;0,000;0,192;0,000;0,000;0,000
2002q4;0,000;0,066;0,084;0,292;0,486;0,067;0,000;0,061;0,056;0,111;0,136;0,000;0,000;0,067;0,162;0,070;0,077;0,584;0,682;0,195;0,200;0,276;0,000;0,000;0,000;0,311;0,100;0,000;0,000;0,918;0,100;0,000;0,103;0,120;0,000;0,064;0,075;0,060;0,000;0,282;0,156;0,000;0,236;0,083;0,000;0,000;0,396;0,111;0,000;0,134;0,061;0,181;0,066;0,000;0,000;0,147;0,000;0,273;0,000;0,000;0,117;0,274;0,456;0,123;0,121;0,061;0,341;0,000;1,183;0,279;0,000;0,610;0,285;0,000;0,000;0,114;0,126;0,137;0,000;0,000;0,056;0,103;0,310;0,103;0,374;0,173;0,000;0,000;0,000;0,000;0,000;0,294;0,134;0,080;0,000;0,116;0,162;0,291;0,229;0,096;0,207;0,062;0,079;0,221;0,482;0,262;0,168;0,224;0,000;0,079;0,000;0,000;0,150;0,363;0,063;0,000;0,185;0,135;0,000;0,000;0,121;0,195;0,516;0,302;0,246;0,412;0,000;0,000;0,123;0,324;0,123;0,077;0,077;0,318;0,428;0,456;0,000;0,226;0,075;0,142;0,192;0,362;0,173
2003q1;0,105;0,000;0,091;0,075;0,115;0,064;0,067;0,186;0,113;0,232;0,000;0,000;0,106;0,213;0,000;0,355;0,165;0,377;0,080;0,091;0,272;0,134;0,135;0,059;0,047;0,241;0,000;0,000;0,000;0,693;0,175;0,226;0,109;0,119;0,115;0,000;0,393;0,182;0,000;0,424;0,206;0,000;0,190;0,303;0,061;0,065;0,471;0,212;0,000;0,271;0,060;0,440;0,310;0,111;0,000;0,529;0,231;0,161;0,120;0,068;0,000;0,187;0,222;0,126;0,000;0,056;0,175;0,185;0,331;0,292;0,000;0,475;0,062;0,000;0,200;0,426;0,137;0,144;0,136;0,128;0,058;0,115;0,338;0,101;0,356;0,276;0,148;0,186;0,000;0,000;0,161;0,367;0,602;0,081;0,000;0,118;0,563;0,355;0,000;0,000;0,114;0,131;0,000;0,253;0,339;0,066;0,261;0,176;0,164;0,597;0,000;0,117;0,395;0,000;0,000;0,000;0,279;0,293;0,000;0,212;0,065;0,000;0,000;0,207;0,125;0,342;0,000;0,067;0,111;0,197;0,000;0,000;0,000;0,365;0,093;0,503;0,064;0,075;0,000;0,000;0,063;0,209;0,059
2003q2;0,000;0,065;0,000;0,122;0,270;0,252;0,610;0,235;0,000;0,118;0,145;0,152;0,218;0,155;0,174;0,145;0,080;0,398;0,000;0,163;0,000;0,362;0,565;0,060;0,221;0,509;0,000;0,173;0,000;0,000;0,184;0,404;0,316;0,197;0,000;0,297;0,137;0,000;0,000;0,406;0,000;0,241;0,780;0,347;0,249;0,129;0,656;0,210;0,000;0,391;0,361;0,792;0,559;0,334;0,000;0,118;0,000;0,545;0,122;0,150;0,000;0,049;0,650;0,447;0,108;0,058;0,507;0,064;0,335;0,136;0,756;0,560;0,122;0,436;0,330;0,356;0,282;0,191;0,281;0,000;0,110;0,347;0,272;0,000;0,341;0,071;0,000;0,409;0,000;0,000;0,000;0,150;0,659;0,250;0,120;0,325;0,239;0,077;0,058;0,104;0,210;0,119;0,000;0,368;0,000;0,131;0,000;0,404;0,149;0,375;0,183;0,054;0,111;0,208;0,169;0,189;0,394;0,308;0,000;0,185;0,000;0,308;0,522;0,530;0,373;0,372;0,000;0,138;0,124;0,469;0,396;0,000;0,140;0,337;0,181;0,330;0,000;0,253;0,204;0,230;0,173;0,637;0,126
2003q3;0,000;0,066;0,000;0,000;0,060;0,000;0,414;0,240;0,062;0,000;0,070;0,420;0,180;0,337;0,114;0,145;0,075;0,076;0,131;0,000;0,000;0,126;0,334;0,186;0,000;0,632;0,109;0,073;0,000;0,261;0,000;0,251;0,107;0,117;0,169;0,064;0,000;0,184;0,000;0,568;0,000;0,000;0,353;0,109;0,445;0,061;0,288;0,102;0,000;0,222;0,149;0,590;0,069;0,000;0,000;0,118;0,057;0,269;0,000;0,067;0,060;0,058;0,393;0,000;0,091;0,059;0,284;0,128;0,056;0,064;0,354;0,448;0,128;0,000;0,136;0,000;0,068;0,233;0,220;0,055;0,108;0,111;0,220;0,000;0,143;0,157;0,000;0,169;0,000;0,000;0,000;0,000;0,536;0,154;0,000;0,406;0,077;0,000;0,059;0,099;0,126;0,248;0,138;0,086;0,212;0,198;0,000;0,249;0,134;0,000;0,053;0,000;0,157;0,094;0,103;0,000;0,319;0,265;0,000;0,364;0,189;0,067;0,433;0,231;0,236;0,369;0,000;0,068;0,285;0,136;0,118;0,143;0,107;0,248;0,263;0,319;0,073;0,123;0,209;0,370;0,161;0,000;0,065
2003q4;0,000;0,000;0,000;0,000;0,249;0,000;0,142;0,064;0,193;0,000;0,000;0,000;0,098;0,078;0,113;0,145;0,070;0,321;0,258;0,000;0,000;0,142;0,150;0,068;0,088;0,817;0,211;0,000;0,000;0,237;0,000;0,325;0,053;0,187;0,165;0,197;0,384;0,062;0,000;0,153;0,119;0,000;0,063;0,085;0,127;0,184;0,165;0,113;0,000;0,192;0,067;0,274;0,059;0,000;0,135;0,210;0,060;0,268;0,000;0,073;0,186;0,061;0,333;0,374;0,340;0,060;0,052;0,000;0,242;0,000;0,480;0,499;0,000;0,000;0,266;0,089;0,000;0,000;0,000;0,193;0,167;0,000;0,277;0,187;0,071;0,076;0,000;0,000;0,000;0,093;0,097;0,000;0,222;0,067;0,000;0,116;0,084;0,000;0,190;0,197;0,066;0,271;0,133;0,086;0,152;0,476;0,000;0,351;0,067;0,000;0,063;0,110;0,650;0,000;0,063;0,130;0,000;0,134;0,178;0,838;0,062;0,000;0,359;0,584;0,204;0,236;0,069;0,000;0,059;0,256;0,181;0,071;0,000;0,223;0,000;0,060;0,075;0,442;0,000;0,075;0,122;0,000;0,000
2004q1;0,000;0,063;0,000;0,000;0,198;0,060;0,062;0,000;0,195;0,000;0,212;0,126;0,000;0,000;0,111;0,061;0,066;0,662;0,390;0,000;0,113;0,000;0,064;0,000;0,000;0,430;0,427;0,000;0,089;0,078;0,000;0,119;0,333;0,000;0,231;0,134;0,544;0,128;0,000;0,079;0,112;0,075;0,069;0,000;0,191;0,250;0,156;0,187;0,000;0,000;0,196;0,090;0,000;0,118;0,135;0,322;0,000;0,294;0,066;0,000;0,114;0,000;0,109;0,243;0,083;0,252;0,155;0,073;0,395;0,000;0,287;0,440;0,000;0,000;0,128;0,000;0,125;0,644;0,101;0,252;0,119;0,061;0,224;0,093;0,267;0,297;0,130;0,000;0,000;0,000;0,226;0,072;0,160;0,069;0,000;0,116;0,328;0,074;0,000;0,000;0,000;0,199;0,000;0,000;0,246;0,399;0,000;0,223;0,124;0,000;0,241;0,191;0,288;0,000;0,000;0,128;0,089;0,000;0,000;0,427;0,000;0,141;0,201;0,325;0,101;0,045;0,000;0,000;0,173;0,255;0,122;0,067;0,124;0,305;0,315;0,173;0,000;0,130;0,000;0,071;0,102;0,150;0,116
2004q2;0,000;0,065;0,000;0,115;0,332;0,000;0,000;0,065;0,068;0,207;0,068;0,119;0,000;0,000;0,058;0,071;0,000;0,803;0,201;0,143;0,000;0,073;0,451;0,059;0,000;0,187;0,000;0,414;0,087;0,000;0,221;0,318;0,052;0,062;0,000;0,000;0,375;0,057;0,000;0,149;0,000;0,000;0,069;0,177;0,184;0,312;0,079;0,000;0,000;0,124;0,258;0,528;0,068;0,124;0,000;0,314;0,092;0,300;0,108;0,000;0,000;0,103;0,165;0,597;0,228;0,126;0,000;0,073;0,298;0,000;0,098;0,269;0,064;0,000;0,128;0,088;0,000;0,371;0,395;0,183;0,225;0,059;0,123;0,288;0,335;0,222;0,104;0,182;0,131;0,086;0,100;0,000;0,123;0,122;0,109;0,160;0,179;0,000;0,063;0,154;0,075;0,197;0,000;0,000;0,087;0,825;0,085;0,513;0,136;0,165;0,066;0,000;0,543;0,000;0,000;0,068;0,076;0,000;0,000;0,780;0,000;0,061;0,067;0,350;0,094;0,044;0,000;0,071;0,099;0,138;0,313;0,000;0,000;0,211;0,639;0,000;0,068;0,319;0,000;0,163;0,171;0,081;0,058
2004q3;0,000;0,000;0,000;0,057;0,258;0,127;0,065;0,066;0,000;0,091;0,145;0,000;0,173;0,076;0,000;0,000;0,000;0,491;0,290;0,293;0,000;0,415;0,067;0,112;0,049;0,670;0,000;0,214;0,000;0,117;0,335;0,285;0,000;0,132;0,000;0,065;0,390;0,123;0,000;0,317;0,095;0,000;0,143;0,087;0,138;0,062;0,071;0,201;0,000;0,145;0,066;0,859;0,000;0,000;0,000;0,000;0,229;0,321;0,060;0,069;0,000;0,000;0,266;0,254;0,142;0,063;0,123;0,069;0,458;0,000;0,387;0,115;0,060;0,000;0,256;0,281;0,000;0,284;0,554;0,222;0,451;0,000;0,000;0,170;0,063;0,074;0,000;0,088;0,139;0,000;0,000;0,000;0,170;0,059;0,109;0,055;0,000;0,220;0,068;0,291;0,000;0,198;0,000;0,000;0,557;0,591;0,078;0,171;0,275;0,000;0,000;0,050;0,647;0,000;0,000;0,258;0,307;0,078;0,000;0,738;0,061;0,141;0,248;0,108;0,107;0,046;0,000;0,062;0,061;0,225;0,061;0,130;0,199;0,100;0,621;0,124;0,000;0,450;0,000;0,071;0,112;0,152;0,000
2004q4;0,098;0,286;0,000;0,055;0,160;0,000;0,000;0,119;0,064;0,212;0,000;0,216;0,077;0,077;0,059;0,000;0,000;0,659;0,192;0,572;0,000;0,145;0,071;0,253;0,120;0,192;0,179;0,138;0,000;0,261;0,265;0,345;0,317;0,126;0,000;0,000;0,279;0,210;0,000;0,000;0,000;0,078;0,000;0,111;0,124;0,000;0,000;0,176;0,000;0,000;0,223;0,847;0,069;0,000;0,000;0,000;0,098;0,377;0,053;0,153;0,114;0,000;0,162;0,462;0,067;0,058;0,068;0,000;0,715;0,066;0,516;0,401;0,068;0,000;0,286;0,198;0,000;0,139;0,205;0,361;0,186;0,060;0,079;0,000;0,130;0,072;0,095;0,000;0,145;0,000;0,000;0,149;0,063;0,064;0,174;0,228;0,265;0,073;0,063;0,332;0,000;0,188;0,000;0,111;0,262;0,122;0,082;0,407;0,234;0,000;0,064;0,345;0,437;0,000;0,060;0,179;0,184;0,000;0,000;0,483;0,065;0,000;0,057;0,116;0,299;0,062;0,090;0,000;0,233;0,567;0,000;0,065;0,315;0,230;0,000;0,060;0,071;0,345;0,000;0,071;0,028;0,000;0,058
2005q1;0,217;0,177;0,000;0,000;0,109;0,000;0,254;0,056;0,127;0,367;0,000;0,221;0,000;0,305;0,060;0,061;0,000;0,468;0,121;0,000;0,000;0,000;0,000;0,000;0,000;0,434;0,101;0,209;0,000;0,243;0,164;0,135;0,109;0,065;0,080;0,000;0,204;0,053;0,000;0,076;0,000;0,000;0,197;0,083;0,128;0,072;0,215;0,330;0,295;0,000;0,195;0,431;0,204;0,000;0,000;0,092;0,000;0,563;0,000;0,000;0,113;0,000;0,253;0,412;0,297;0,000;0,119;0,131;0,359;0,000;0,197;0,116;0,000;0,000;0,567;0,193;0,000;0,000;0,484;0,178;0,303;0,169;0,158;0,212;0,060;0,194;0,000;0,166;0,391;0,088;0,000;0,154;0,118;0,000;0,000;0,111;0,263;0,000;0,000;0,553;0,151;0,064;0,000;0,078;0,248;0,407;0,000;0,309;0,345;0,342;0,067;0,113;0,725;0,000;0,054;0,234;0,000;0,000;0,190;0,287;0,068;0,000;0,000;0,314;0,191;0,105;0,075;0,074;0,113;0,102;0,136;0,064;0,393;0,453;0,155;0,061;0,000;0,320;0,000;0,067;0,000;0,298;0,000
2005q2;0,000;0,194;0,068;0,000;0,161;0,000;0,000;0,000;0,000;0,000;0,000;0,290;0,000;0,192;0,434;0,565;0,000;0,559;0,452;0,000;0,000;0,000;0,066;0,117;0,000;0,250;0,163;0,332;0,000;0,334;0,273;0,262;0,113;0,062;0,074;0,000;0,068;0,050;0,000;0,303;0,000;0,000;0,128;0,079;0,366;0,000;0,280;0,322;0,000;0,148;0,061;0,264;0,064;0,000;0,062;0,000;0,059;0,112;0,167;0,000;0,109;0,000;0,198;0,056;0,068;0,000;0,000;0,063;0,583;0,457;0,194;0,120;0,125;0,000;0,385;0,340;0,059;0,152;0,325;0,061;0,067;0,115;0,071;0,097;0,320;0,000;0,000;0,080;0,000;0,150;0,000;0,311;0,058;0,000;0,094;0,111;0,349;0,070;0,119;0,092;0,149;0,059;0,000;0,076;0,217;0,064;0,080;0,234;0,178;0,259;0,000;0,108;0,395;0,000;0,000;0,166;0,066;0,000;0,103;0,269;0,064;0,000;0,000;0,214;0,941;0,000;0,104;0,156;0,112;0,150;0,065;0,065;0,188;0,055;0,000;0,109;0,133;0,245;0,204;0,000;0,177;0,000;0,118
2005q3;0,571;0,248;0,193;0,000;0,209;0,000;0,062;0,236;0,123;0,000;0,221;0,305;0,083;0,175;0,116;0,565;0,000;0,826;0,336;0,247;0,000;0,206;0,258;0,060;0,000;0,479;0,191;0,201;0,000;0,346;0,425;0,302;0,205;0,457;0,000;0,060;0,358;0,051;0,000;0,283;0,516;0,144;0,270;0,082;0,127;0,145;0,203;0,830;0,000;0,000;0,118;0,272;0,143;0,102;0,121;0,000;0,115;0,170;0,177;0,184;0,059;0,113;0,301;0,455;0,125;0,056;0,281;0,066;0,702;0,449;0,000;0,121;0,139;0,000;0,315;0,098;0,060;0,066;0,000;0,131;0,213;0,000;0,068;0,101;0,277;0,143;0,000;0,078;0,000;0,000;0,000;0,000;0,115;0,000;0,100;0,171;0,168;0,150;0,061;0,000;0,000;0,134;0,000;0,079;0,330;0,197;0,000;0,114;0,122;0,082;0,000;0,342;0,178;0,092;0,057;0,319;0,150;0,188;0,000;0,000;0,523;0,057;0,060;0,109;0,356;0,060;0,083;0,000;0,000;0,099;0,062;0,000;0,199;0,114;0,072;0,213;0,073;0,381;0,131;0,000;0,060;0,071;0,057
2005q4;0,496;0,000;0,335;0,081;0,108;0,074;0,000;0,109;0,187;0,098;0,127;0,102;0,000;0,267;0,125;0,133;0,000;0,414;0,104;0,321;0,115;0,198;0,063;0,000;0,000;0,752;0,161;0,196;0,000;0,693;0,179;0,115;0,114;0,063;0,000;0,066;0,368;0,109;0,000;0,000;0,416;0,000;0,193;0,078;0,060;0,080;0,146;0,338;0,000;0,423;0,053;0,088;0,141;0,000;0,136;0,000;0,063;0,213;0,000;0,061;0,267;0,000;0,259;0,126;0,061;0,121;0,167;0,137;0,501;0,460;0,000;0,065;0,139;0,000;0,479;0,000;0,065;0,275;0,000;0,064;0,194;0,000;0,000;0,105;0,364;0,066;0,000;0,572;0,274;0,000;0,111;0,070;0,113;0,185;0,094;0,402;0,786;0,000;0,000;0,000;0,000;0,070;0,244;0,000;0,206;0,293;0,393;0,241;0,300;0,087;0,000;0,115;0,246;0,095;0,055;0,233;0,000;0,403;0,104;0,000;0,063;0,189;0,058;0,093;0,188;0,173;0,000;0,156;0,000;0,193;0,065;0,201;0,366;0,234;0,297;0,116;0,000;0,434;0,065;0,000;0,000;0,072;0,000
2006q1;0,419;0,000;0,341;0,274;0,280;0,000;0,000;0,000;0,074;0,000;0,141;0,103;0,000;0,404;0,063;0,000;0,068;1,071;0,211;0,233;0,104;0,196;0,065;0,000;0,000;0,443;0,079;0,146;0,000;0,232;0,273;0,056;0,000;0,062;0,077;0,136;0,156;0,103;0,000;0,143;0,730;0,000;0,263;0,090;0,218;0,000;0,203;0,314;0,000;0,158;0,117;0,102;0,000;0,000;0,064;0,268;0,306;0,166;0,000;0,000;0,000;0,053;0,194;0,224;0,000;0,000;0,058;0,066;0,305;0,754;0,000;0,066;0,189;0,000;0,472;0,096;0,066;0,000;0,125;0,114;0,263;0,000;0,000;0,175;0,301;0,336;0,000;0,326;0,302;0,000;0,000;0,075;0,059;0,000;0,101;0,343;0,545;0,142;0,062;0,000;0,000;0,065;0,000;0,066;0,212;0,241;0,085;0,229;0,185;0,094;0,000;0,000;0,000;0,095;0,183;0,358;0,076;0,139;0,000;0,000;0,184;0,064;0,059;0,182;0,280;0,000;0,000;0,076;0,172;0,095;0,131;0,124;0,062;0,117;0,075;0,121;0,000;0,296;0,070;0,068;0,238;0,139;0,115
2006q2;0,193;0,062;0,223;0,191;0,123;0,073;0,068;0,062;0,070;0,103;0,000;0,303;0,000;0,308;0,168;0,069;0,153;0,514;0,278;0,081;0,107;0,068;0,321;0,000;0,000;0,392;0,176;0,135;0,000;0,065;0,089;0,168;0,000;0,000;0,000;0,066;0,319;0,000;0,000;0,000;0,687;0,157;0,136;0,169;0,123;0,000;0,127;0,638;0,116;0,412;0,000;0,289;0,077;0,091;0,135;0,000;0,244;0,165;0,000;0,121;0,000;0,000;0,197;0,118;0,144;0,127;0,056;0,000;0,427;0,519;0,188;0,068;0,179;0,000;0,276;0,000;0,202;0,280;0,100;0,126;0,302;0,000;0,074;0,173;0,505;0,000;0,000;0,418;0,000;0,000;0,000;0,077;0,064;0,128;0,104;0,328;0,522;0,069;0,115;0,474;0,075;0,196;0,070;0,068;0,538;0,279;0,000;0,242;0,000;0,172;0,258;0,057;0,368;0,106;0,000;0,308;0,000;0,131;0,307;0,187;0,308;0,129;0,059;0,380;0,192;0,983;0,000;0,565;0,109;0,241;0,127;0,248;0,000;0,349;0,156;0,000;0,000;0,271;0,074;0,132;0,060;0,075;0,180
2006q3;0,000;0,000;0,209;0,065;0,000;0,239;0,207;0,181;0,000;0,000;0,073;0,210;0,000;0,232;0,000;0,000;0,000;0,206;0,210;0,000;0,188;0,207;0,000;0,063;0,000;0,605;0,176;0,151;0,000;0,071;0,167;0,423;0,152;0,060;0,000;0,066;0,162;0,000;0,000;0,070;0,687;0,077;0,134;0,097;0,192;0,000;0,130;1,204;0,121;0,000;0,000;0,188;0,000;0,000;0,064;0,000;0,243;0,058;0,153;0,000;0,000;0,000;0,099;0,114;0,135;0,000;0,117;0,000;0,241;0,406;0,000;0,329;0,146;0,000;0,354;0,000;0,061;0,000;0,104;0,181;0,314;0,000;0,200;0,099;0,507;0,000;0,195;0,168;0,136;0,000;0,000;0,080;0,123;0,000;0,103;0,463;0,698;0,073;0,060;0,000;0,214;0,201;0,000;0,076;0,337;0,218;0,000;0,186;0,000;0,171;0,059;0,170;0,210;0,199;0,000;0,265;0,071;0,061;0,091;0,000;0,350;0,000;0,059;0,279;0,467;0,558;0,213;0,362;0,055;0,228;0,333;0,064;0,000;0,434;0,152;0,062;0,000;0,200;0,000;0,067;0,191;0,073;0,059
2006q4;0,000;0,116;0,000;0,069;0,273;0,000;0,000;0,170;0,000;0,000;0,071;0,000;0,157;0,139;0,064;0,000;0,000;0,402;0,222;0,097;0,097;0,134;0,000;0,000;0,000;0,402;0,000;0,076;0,000;0,397;0,000;0,515;0,057;0,064;0,075;0,130;0,291;0,000;0,000;0,000;0,397;0,000;0,069;0,091;0,062;0,074;0,125;0,775;0,000;0,000;0,000;0,262;0,000;0,000;0,154;0,000;0,402;0,118;0,052;0,075;0,000;0,053;0,130;0,000;0,151;0,000;0,113;0,056;0,348;0,434;0,095;0,509;0,070;0,000;0,440;0,000;0,065;0,064;0,112;0,063;0,066;0,000;0,077;0,096;0,338;0,079;0,099;0,079;0,128;0,068;0,303;0,084;0,121;0,063;0,000;0,549;0,841;0,071;0,060;0,000;0,071;0,188;0,000;0,076;0,000;0,071;0,000;0,063;0,060;0,165;0,127;0,054;0,148;0,107;0,059;0,119;0,073;0,000;0,194;0,000;0,247;0,199;0,059;0,089;0,090;0,429;0,000;0,080;0,000;0,185;0,242;0,123;0,000;0,224;0,301;0,055;0,000;0,212;0,000;0,135;0,529;0,439;0,113
2007q1;0,000;0,000;0,069;0,132;0,363;0,000;0,000;0,000;0,000;0,209;0,000;0,000;0,165;0,189;0,000;0,340;0,149;0,582;0,000;0,000;0,097;0,136;0,070;0,000;0,000;0,447;0,000;0,000;0,000;0,083;0,000;0,275;0,074;0,126;0,000;0,176;0,303;0,000;0,000;0,141;0,400;0,000;0,138;0,094;0,121;0,000;0,139;0,355;0,261;0,000;0,000;0,000;0,081;0,000;0,229;0,000;0,285;0,166;0,115;0,068;0,000;0,000;0,381;0,224;0,237;0,000;0,222;0,000;0,327;0,520;0,185;0,864;0,059;0,000;0,389;0,000;0,328;0,193;0,112;0,123;0,000;0,000;0,000;0,000;0,218;0,128;0,282;0,081;0,155;0,196;0,000;0,243;0,000;0,067;0,000;0,158;0,912;0,074;0,061;0,082;0,000;0,251;0,136;0,078;0,000;0,316;0,083;0,137;0,118;0,087;0,060;0,052;0,277;0,096;0,053;0,119;0,211;0,135;0,099;0,000;0,000;0,066;0,165;0,185;0,283;0,456;0,148;0,329;0,000;0,048;0,335;0,062;0,343;0,113;0,000;0,114;0,000;0,185;0,072;0,184;0,419;0,281;0,109
2007q2;0,103;0,000;0,189;0,067;0,362;0,000;0,076;0,064;0,063;0,000;0,086;0,000;0,080;0,144;0,063;0,141;0,000;0,274;0,059;0,082;0,102;0,277;0,141;0,000;0,000;0,183;0,092;0,000;0,000;0,083;0,087;0,266;0,140;0,062;0,069;0,115;0,379;0,000;0,000;0,146;0,334;0,147;0,129;0,000;0,191;0,000;0,073;0,375;0,000;0,000;0,062;0,000;0,000;0,000;0,152;0,000;0,300;0,107;0,058;0,072;0,000;0,055;0,196;0,180;0,293;0,000;0,110;0,000;0,267;0,625;0,185;0,194;0,134;0,097;0,455;0,000;0,282;0,000;0,093;0,057;0,123;0,000;0,000;0,000;0,386;0,079;0,095;0,170;0,000;0,133;0,000;0,300;0,063;0,000;0,000;0,000;0,877;0,069;0,126;0,188;0,078;0,148;0,065;0,073;0,000;0,140;0,000;0,000;0,179;0,000;0,000;0,057;0,103;0,210;0,055;0,304;0,215;0,000;0,260;0,000;0,000;0,069;0,060;0,277;0,091;0,563;0,078;0,069;0,059;0,235;0,121;0,061;0,282;0,054;0,000;0,373;0,076;0,134;0,000;0,000;0,192;0,150;0,116
2007q3;0,000;0,000;0,000;0,000;0,346;0,000;0,000;0,064;0,130;0,191;0,079;0,106;0,079;0,297;0,307;0,240;0,083;0,752;0,124;0,179;0,297;0,000;0,069;0,067;0,052;0,532;0,094;0,172;0,000;0,162;0,187;0,063;0,214;0,316;0,209;0,061;1,263;0,107;0,000;0,132;0,085;0,075;0,206;0,000;0,196;0,000;0,072;0,389;0,125;0,126;0,000;0,085;0,000;0,000;0,000;0,000;0,285;0,163;0,000;0,154;0,000;0,262;0,155;0,180;0,154;0,063;0,051;0,114;0,349;0,531;0,000;0,000;0,137;0,000;0,548;0,000;0,077;0,000;0,000;0,183;0,128;0,000;0,074;0,213;0,290;0,084;0,212;0,162;0,000;0,067;0,000;0,159;0,263;0,000;0,000;0,183;0,802;0,287;0,238;0,084;0,000;0,075;0,000;0,145;0,000;0,243;0,000;0,131;0,119;0,091;0,000;0,119;0,000;0,098;0,108;0,126;0,165;0,062;0,103;0,000;0,060;0,124;0,126;0,190;0,257;0,334;0,154;0,000;0,000;0,141;0,130;0,139;0,275;0,277;0,072;0,502;0,077;0,073;0,000;0,280;0,636;0,158;0,136
2007q4;0,000;0,000;0,000;0,000;0,266;0,000;0,000;0,089;0,000;0,417;0,081;0,144;0,000;0,548;0,156;0,159;0,000;0,257;0,000;0,100;0,230;0,077;0,092;0,000;0,000;0,332;0,000;0,475;0,000;0,159;0,000;0,077;0,000;0,513;0,102;0,112;1,095;0,093;0,000;0,120;0,000;0,000;0,374;0,000;0,311;0,166;0,105;0,243;0,000;0,000;0,000;0,000;0,000;0,000;0,366;0,000;0,239;0,364;0,000;0,000;0,000;0,171;0,342;0,000;0,088;0,000;0,210;0,000;0,403;0,565;0,000;0,424;0,407;0,000;0,525;0,000;0,089;0,108;0,139;0,000;0,186;0,125;0,000;0,000;0,348;0,129;0,000;0,148;0,000;0,227;0,000;0,214;0,090;0,092;0,000;0,000;0,452;0,000;0,312;0,238;0,205;0,072;0,207;0,280;0,000;0,258;0,000;0,000;0,000;0,234;0,092;0,227;0,479;0,097;0,127;0,164;0,228;0,000;0,139;0,000;0,180;0,123;0,079;0,000;0,124;0,229;0,144;0,000;0,000;0,198;0,209;0,139;0,287;0,947;0,310;0,105;0,262;0,092;0,000;0,078;0,455;0,000;0,107
2008q1;0,096;0,000;0,000;0,114;0,102;0,000;0,114;0,000;0,000;0,425;0,000;0,000;0,000;0,240;0,000;0,338;0,000;0,113;0,102;0,000;0,274;0,231;0,000;0,000;0,000;0,269;0,000;0,000;0,000;0,306;0,000;0,090;0,000;0,118;0,226;0,000;0,366;0,000;0,000;0,116;0,000;0,000;0,308;0,000;0,210;0,330;0,127;0,277;0,000;0,000;0,000;0,000;0,000;0,000;0,000;0,000;0,679;0,392;0,000;0,000;0,213;0,000;0,000;0,000;0,133;0,117;0,293;0,397;0,336;0,401;0,000;0,300;0,116;0,000;0,468;0,000;0,120;0,000;0,163;0,235;0,000;0,000;0,122;0,000;0,000;0,115;0,123;0,235;0,000;0,000;0,131;0,245;0,099;0,000;0,000;0,546;0,380;0,000;0,000;0,286;0,127;0,126;0,000;0,000;0,000;0,217;0,000;0,000;0,000;0,130;0,000;0,095;0,300;0,139;0,207;0,232;0,405;0,113;0,131;0,000;0,219;0,000;0,365;0,000;0,143;0,000;0,103;0,000;0,000;0,265;0,111;0,123;0,227;0,456;0,122;0,096;0,508;0,245;0,111;0,000;0,978;0,256;0,135
2008q2;0,208;0,000;0,087;0,107;0,542;0,077;0,355;0,124;0,000;0,254;0,122;0,000;0,000;0,122;0,000;0,461;0,000;0,223;0,102;0,000;0,433;0,000;0,236;0,000;0,000;0,000;0,000;0,109;0,000;0,213;0,116;0,104;0,231;0,120;0,120;0,000;0,111;0,000;0,000;0,111;0,000;0,121;0,110;0,000;0,211;0,163;0,256;0,295;0,000;0,156;0,000;0,000;0,115;0,000;0,107;0,000;0,104;0,393;0,000;0,122;0,000;0,000;0,093;0,099;0,135;0,000;0,388;0,000;0,229;0,382;0,000;0,325;0,117;0,000;0,237;0,000;0,129;0,000;0,312;0,348;0,110;0,000;0,122;0,000;0,000;0,115;0,000;0,000;0,144;0,000;0,000;0,376;0,103;0,128;0,000;0,107;0,136;0,116;0,207;0,000;0,125;0,120;0,116;0,136;0,000;0,220;0,000;0,097;0,123;0,000;0,000;0,086;0,282;0,000;0,101;0,440;0,395;0,214;0,133;0,000;0,213;0,334;0,120;0,267;0,000;0,405;0,294;0,101;0,111;0,597;0,111;0,115;0,000;0,387;0,128;0,201;0,408;0,232;0,213;0,000;0,701;0,129;0,000
2008q3;0,206;0,000;0,000;0,111;0,302;0,000;0,233;0,000;0,103;0,245;0,000;0,000;0,247;0,000;0,000;0,234;0,000;0,441;0,096;0,000;0,427;0,000;0,000;0,000;0,000;0,128;0,130;0,204;0,000;0,000;0,117;0,442;0,000;0,000;0,109;0,000;0,870;0,000;0,000;0,328;0,129;0,000;0,108;0,000;0,000;0,301;0,126;0,429;0,000;0,146;0,000;0,000;0,228;0,000;0,112;0,000;0,190;0,211;0,000;0,000;0,000;0,000;0,000;0,000;0,148;0,114;0,297;0,000;0,117;0,494;0,000;0,397;0,345;0,000;0,219;0,000;0,237;0,000;0,309;0,116;0,000;0,000;0,000;0,133;0,000;0,232;0,146;0,000;0,000;0,000;0,000;0,371;0,490;0,124;0,146;0,111;0,250;0,000;0,110;0,000;0,127;0,253;0,115;0,000;0,111;0,220;0,000;0,397;0,119;0,000;0,000;0,092;0,310;0,000;0,423;0,346;0,131;0,110;0,135;0,133;0,107;0,220;0,117;0,000;0,273;0,100;0,000;0,392;0,000;0,258;0,000;0,115;0,119;0,098;0,000;0,204;0,535;0,113;0,231;0,000;0,483;0,262;0,000
2008q4;0,096;0,000;0,000;0,108;0,102;0,157;0,217;0,123;0,326;0,419;0,000;0,000;0,368;0,240;0,213;0,120;0,089;0,222;0,000;0,125;0,276;0,000;0,000;0,000;0,000;0,129;0,000;0,000;0,000;0,328;0,000;0,216;0,199;0,108;0,000;0,000;0,111;0,000;0,000;0,312;0,268;0,000;0,105;0,000;0,289;0,396;0,000;0,542;0,175;0,143;0,000;0,000;0,113;0,137;0,109;0,130;0,321;0,000;0,000;0,241;0,000;0,111;0,180;0,000;0,279;0,223;0,310;0,413;0,339;0,249;0,000;0,312;0,118;0,000;0,106;0,000;0,369;0,000;0,155;0,000;0,000;0,105;0,000;0,133;0,105;0,245;0,000;0,000;0,868;0,000;0,000;0,390;0,522;0,000;0,410;0,210;0,398;0,121;0,310;0,000;0,247;0,368;0,000;0,132;0,000;0,220;0,000;0,190;0,230;0,128;0,000;0,345;0,091;0,000;0,201;0,000;0,000;0,110;0,000;0,130;0,000;0,000;0,107;0,255;0,129;0,000;0,000;0,100;0,000;0,184;0,000;0,126;0,124;0,176;0,128;0,102;0,437;0,233;0,111;0,000;0,373;0,133;0,130
2009q1;0,000;0,000;0,168;0,000;0,376;0,074;0,113;0,000;0,341;0,410;0,000;0,000;0,249;0,000;0,106;0,116;0,091;0,342;0,099;0,000;0,261;0,000;0,112;0,000;0,000;0,123;0,000;0,104;0,000;0,109;0,000;0,105;0,329;0,000;0,356;0,000;0,111;0,000;0,000;0,319;0,000;0,110;0,106;0,000;0,887;0,375;0,239;0,390;0,156;0,555;0,000;0,122;0,229;0,146;0,105;0,258;0,185;0,100;0,000;0,369;0,000;0,114;0,088;0,204;0,000;0,000;0,099;0,298;0,224;0,404;0,000;0,296;0,225;0,000;0,107;0,125;0,231;0,000;0,154;0,000;0,107;0,110;0,000;0,653;0,197;0,108;0,000;0,000;0,158;0,000;0,000;0,124;0,000;0,119;0,447;0,105;0,393;0,000;0,213;0,000;0,000;0,343;0,000;0,132;0,114;0,000;0,000;0,276;0,112;0,127;0,000;0,156;0,000;0,240;0,100;0,000;0,000;0,000;0,138;0,394;0,215;0,000;0,406;0,254;0,260;0,097;0,000;0,272;0,000;0,000;0,000;0,119;0,122;0,648;0,000;0,396;0,620;0,118;0,221;0,000;0,095;0,632;0,129
2009q2;0,000;0,105;0,000;0,000;1,175;0,201;0,000;0,000;0,000;0,348;0,117;0,000;0,208;0,000;0,099;0,330;0,165;0,000;0,625;0,000;0,239;0,101;0,000;0,000;0,000;0,240;0,000;0,000;0,000;0,391;0,000;0,551;0,415;0,109;0,000;0,100;0,097;0,000;0,000;0,194;0,000;0,000;0,096;0,634;0,458;0,346;0,115;0,120;0,000;0,121;0,000;0,000;0,108;0,130;0,099;0,114;0,201;0,000;0,000;0,316;0,099;0,000;0,087;0,000;0,000;0,000;0,095;0,197;0,099;0,290;0,000;0,285;0,192;0,083;0,186;0,000;0,111;0,000;0,376;0,000;0,092;0,102;0,858;0,209;0,187;0,107;0,000;0,000;0,383;0,000;0,000;0,233;0,000;0,000;0,000;0,197;0,247;0,323;0,281;0,274;0,116;0,487;0,000;0,000;0,104;0,198;0,000;0,435;0,000;0,000;0,000;0,177;0,000;0,000;0,091;0,109;0,000;0,000;0,000;0,124;0,000;0,000;0,102;0,000;0,118;0,000;0,000;0,000;0,000;0,079;0,000;0,112;0,000;0,483;0,111;0,274;0,606;0,109;0,204;0,000;0,254;0,119;0,000
2009q3;0,099;0,105;0,000;0,000;0,767;0,145;0,099;0,000;0,000;0,239;0,119;0,000;0,207;0,000;0,101;0,111;0,155;0,104;0,354;0,374;0,255;0,203;0,106;0,000;0,089;0,000;0,000;0,000;0,000;0,205;0,000;0,000;0,195;0,112;0,000;0,218;0,000;0,000;0,000;0,107;0,234;0,000;0,101;0,469;0,174;0,354;0,112;0,000;0,000;0,000;0,000;0,000;0,327;0,477;0,356;0,000;0,388;0,000;0,000;0,226;0,199;0,103;0,092;0,000;0,117;0,000;0,357;0,000;0,205;0,328;0,121;0,091;0,106;0,083;0,446;0,129;0,215;0,000;0,433;0,000;0,000;0,195;1,044;0,113;0,277;0,108;0,000;0,000;0,796;0,000;0,000;0,117;0,000;0,000;0,000;0,378;0,666;0,000;0,205;0,266;0,000;0,356;0,000;0,116;0,000;0,493;0,000;0,327;0,000;0,000;0,000;0,265;0,088;0,000;0,000;0,111;0,000;0,000;0,000;0,000;0,099;0,106;0,105;0,000;0,121;0,089;0,000;0,159;0,102;0,398;0,217;0,114;0,000;0,801;0,000;0,094;0,467;0,109;0,098;0,000;0,166;0,119;0,118
2009q4;0,105;0,000;0,000;0,000;0,521;0,145;0,096;0,101;0,000;0,362;0,000;0,116;0,411;0,000;0,000;0,192;0,000;0,091;0,248;0,114;0,227;0,185;0,193;0,000;0,155;0,000;0,000;0,000;0,000;0,619;0,000;0,089;0,272;0,099;0,096;0,000;0,276;0,000;0,190;0,273;0,317;0,306;0,089;0,105;0,300;0,232;0,202;0,000;0,000;0,000;0,000;0,000;0,189;0,235;0,186;0,238;0,268;0,174;0,081;0,104;0,000;0,181;0,086;0,000;0,206;0,286;0,085;0,000;0,185;0,290;0,000;0,507;0,000;0,083;0,357;0,000;0,334;0,000;0,138;0,000;0,094;0,174;0,528;0,102;0,168;0,000;0,127;0,098;0,120;0,000;0,114;0,000;0,000;0,000;0,363;0,267;0,414;0,592;0,095;0,134;0,000;0,312;0,000;0,216;0,000;0,277;0,000;0,239;0,000;0,215;0,000;0,155;0,079;0,104;0,175;0,095;0,000;0,090;0,106;0,000;0,091;0,284;0,296;0,000;0,000;0,083;0,000;0,172;0,094;0,222;0,196;0,204;0,098;0,548;0,000;0,256;0,444;0,000;0,190;0,000;0,076;0,000;0,000
2010q1;0,115;0,000;0,210;0,000;0,656;0,000;0,102;0,119;0,000;0,223;0,000;0,107;0,198;0,108;0,099;0,207;0,068;0,200;0,088;0,118;0,237;0,108;0,106;0,000;0,172;0,115;0,000;0,000;0,107;0,187;0,104;0,291;0,000;0,204;0,000;0,110;0,203;0,096;0,000;0,288;0,118;0,000;0,280;0,106;0,493;0,147;0,335;0,234;0,000;0,115;0,000;0,000;0,298;0,495;0,203;0,323;0,292;0,093;0,000;0,000;0,095;0,317;0,084;0,000;0,115;0,000;0,286;0,096;0,206;0,189;0,000;0,266;0,000;0,000;0,323;0,000;0,103;0,000;0,000;0,000;0,100;0,105;0,401;0,548;0,091;0,106;0,225;0,219;0,235;0,000;0,107;0,111;0,185;0,000;0,225;0,874;0,112;0,214;0,094;0,000;0,113;0,332;0,000;0,000;0,104;0,295;0,356;0,444;0,108;0,117;0,000;0,000;0,000;0,093;0,183;0,216;0,242;0,000;0,000;0,118;0,279;0,000;0,109;0,000;0,314;0,000;0,000;0,086;0,000;0,076;0,000;0,108;0,221;0,636;0,000;0,281;0,472;0,098;0,103;0,000;0,248;0,117;0,245
2010q2;0,000;0,000;0,075;0,105;1,123;0,000;0,106;0,000;0,000;0,248;0,108;0,119;0,206;0,107;0,101;0,213;0,082;0,102;0,177;0,120;0,472;0,207;0,105;0,102;0,349;0,116;0,000;0,000;0,113;0,096;0,109;0,585;0,098;0,208;0,104;0,000;0,511;0,098;0,000;0,268;0,000;0,000;0,237;0,000;0,335;0,165;0,335;0,000;0,000;0,000;0,000;0,109;0,212;0,000;0,101;0,578;0,358;0,091;0,179;0,103;0,000;0,110;0,086;0,096;0,235;0,105;0,000;0,000;0,419;0,324;0,000;0,267;0,219;0,000;0,202;0,122;0,218;0,000;0,000;0,000;0,200;0,108;0,442;0,446;0,000;0,000;0,000;0,109;0,408;0,000;0,114;0,111;0,189;0,112;0,253;0,673;0,112;0,428;0,192;0,000;0,113;0,446;0,207;0,000;0,202;0,195;0,000;0,359;0,092;0,115;0,112;0,263;0,280;0,113;0,287;0,302;0,000;0,000;0,000;0,000;0,000;0,000;0,113;0,459;0,000;0,168;0,091;0,272;0,000;0,237;0,327;0,110;0,000;0,000;0,113;0,273;0,466;0,106;0,214;0,000;0,355;0,235;0,115
2010q3;0,000;0,000;0,239;0,000;0,918;0,000;0,308;0,000;0,000;0,485;0,108;0,127;0,214;0,000;0,099;0,306;0,000;0,000;0,177;0,000;0,332;0,209;0,107;0,200;0,353;0,110;0,000;0,000;0,113;0,000;0,000;0,000;0,000;0,221;0,000;0,106;0,502;0,000;0,000;0,161;0,000;0,000;0,086;0,000;0,251;0,308;0,116;0,216;0,000;0,000;0,000;0,000;0,316;0,475;0,101;0,239;0,570;0,097;0,092;0,182;0,000;0,211;0,000;0,257;0,117;0,218;0,093;0,000;0,311;0,406;0,000;0,271;0,226;0,091;0,103;0,000;0,105;0,000;0,000;0,000;0,103;0,109;0,635;0,499;0,190;0,000;0,000;0,113;0,266;0,000;0,119;0,000;0,000;0,235;0,239;0,773;0,231;0,757;0,300;0,665;0,339;0,343;0,095;0,000;0,298;0,000;0,243;0,173;0,111;0,114;0,000;0,166;0,308;0,331;0,193;0,546;0,000;0,000;0,000;0,000;0,102;0,000;0,223;0,110;0,119;0,093;0,000;0,383;0,000;0,321;0,204;0,118;0,117;0,000;0,113;0,188;0,601;0,210;0,305;0,000;0,264;0,121;0,123
2010q4;0,000;0,104;0,159;0,313;0,721;0,000;0,203;0,099;0,206;0,354;0,117;0,116;0,204;0,000;0,181;0,110;0,000;0,000;0,252;0,000;0,327;0,102;0,000;0,093;0,089;0,000;0,000;0,000;0,116;0,097;0,199;0,000;0,075;0,416;0,000;0,097;0,610;0,096;0,469;0,485;0,000;0,000;0,079;0,114;0,403;0,000;0,112;0,220;0,000;0,123;0,000;0,208;0,104;0,124;0,000;0,263;0,400;0,000;0,000;0,000;0,000;0,344;0,196;0,079;0,000;0,106;0,258;0,000;0,103;0,393;0,000;0,438;0,113;0,000;0,107;0,000;0,105;0,110;0,112;0,000;0,207;0,000;0,787;0,231;0,568;0,117;0,000;0,000;0,271;0,000;0,000;0,117;0,000;0,120;0,241;0,487;0,000;0,000;0,100;0,549;0,000;0,227;0,103;0,241;0,292;0,000;0,250;0,086;0,093;0,120;0,000;0,000;0,080;0,117;0,087;0,626;0,000;0,000;0,000;0,118;0,097;0,000;0,000;0,104;0,119;0,178;0,000;0,299;0,207;0,236;0,413;0,000;0,221;0,000;0,000;0,085;0,488;0,000;0,204;0,118;0,181;0,253;0,618
2011q1;0,000;0,206;0,071;0,319;0,495;0,077;0,205;0,000;0,000;0,329;0,204;0,208;0,000;0,000;0,000;0,112;0,078;0,105;0,000;0,229;0,221;0,095;0,000;0,095;0,000;0,121;0,000;0,096;0,103;0,297;0,100;0,000;0,000;0,325;0,000;0,000;0,204;0,087;0,000;0,436;0,000;0,000;0,087;0,000;0,312;0,000;0,344;0,000;0,000;0,439;0,000;0,105;0,101;0,000;0,100;1,022;0,295;0,000;0,000;0,000;0,000;0,219;0,174;0,000;0,250;0,000;0,160;0,000;0,215;0,489;0,393;0,362;0,212;0,000;0,101;0,117;0,418;0,108;0,000;0,000;0,105;0,000;0,731;0,344;0,274;0,335;0,372;0,000;0,478;0,125;0,000;0,115;0,095;0,000;0,104;0,573;0,566;0,000;0,213;0,657;0,000;0,109;0,000;0,245;0,099;0,000;0,000;0,428;0,000;0,117;0,000;0,086;0,160;0,212;0,193;0,599;0,000;0,000;0,000;0,229;0,000;0,000;0,000;0,000;0,106;0,356;0,088;0,273;0,695;0,302;0,105;0,000;0,225;0,000;0,000;0,166;0,464;0,000;0,095;0,224;0,628;0,114;0,744
2011q2;0,115;0,110;0,078;0,193;0,462;0,000;0,102;0,000;0,000;0,120;0,109;0,104;0,000;0,106;0,000;0,105;0,198;0,102;0,000;0,549;0,222;0,194;0,000;0,098;0,000;0,121;0,000;0,000;0,000;0,098;0,100;0,100;0,096;0,208;0,104;0,105;0,304;0,186;0,000;0,000;0,000;0,109;0,081;0,000;0,569;0,000;0,232;0,253;0,000;0,346;0,000;0,542;0,103;0,241;0,000;0,801;0,188;0,000;0,000;0,000;0,000;0,210;0,186;0,000;0,118;0,000;0,462;0,000;0,528;0,228;0,124;0,178;0,109;0,000;0,402;0,125;0,321;0,109;0,118;0,000;0,488;0,000;0,346;0,374;0,287;0,000;0,301;0,110;0,276;0,000;0,000;0,441;0,000;0,114;0,241;0,294;0,457;0,000;0,297;0,649;0,115;0,116;0,212;0,000;1,459;0,000;0,000;0,252;0,190;0,562;0,000;0,091;0,254;0,126;0,181;0,434;0,000;0,000;0,224;0,231;0,000;0,000;0,103;0,111;0,116;0,091;0,187;0,000;0,788;0,253;0,107;0,000;0,000;0,091;0,000;0,083;0,356;0,094;0,206;0,235;0,178;0,000;0,749
2011q3;0,000;0,114;0,236;0,200;0,269;0,000;0,573;0,000;0,000;0,000;0,213;0,233;0,188;0,000;0,099;0,113;0,000;0,402;0,000;0,000;0,216;0,185;0,407;0,000;0,000;0,114;0,000;0,095;0,109;0,194;0,103;0,202;0,000;0,287;0,206;0,403;0,101;0,177;0,000;0,442;0,000;0,107;0,242;0,000;0,295;0,000;0,602;0,000;0,000;0,235;0,352;0,000;0,101;0,374;0,000;0,529;0,288;0,245;0,258;0,000;0,000;0,105;0,167;0,465;0,243;0,100;0,171;0,000;0,107;0,282;0,000;0,172;0,219;0,000;0,000;0,000;0,347;0,108;0,245;0,000;0,106;0,103;0,000;0,369;0,000;0,000;0,090;0,000;0,276;0,000;0,000;1,018;0,000;0,000;0,506;0,580;0,873;0,000;0,405;0,654;0,114;0,113;0,324;0,435;0,578;0,198;0,120;0,168;0,291;0,000;0,000;0,087;0,543;0,125;0,000;0,261;0,111;0,000;0,213;0,117;0,097;0,000;0,456;0,111;0,116;0,092;0,098;0,284;1,109;0,319;0,107;0,346;0,226;0,093;0,241;0,234;0,378;0,942;0,000;0,123;0,512;0,554;0,605
2011q4;0,113;0,218;0,083;0,205;0,089;0,000;0,096;0,103;0,000;0,000;0,326;0,223;0,196;0,000;0,101;0,113;0,000;0,000;0,247;0,361;0,443;0,192;0,109;0,000;0,000;0,115;0,342;0,000;0,113;0,491;0,101;0,000;0,090;0,218;0,213;0,101;0,096;0,623;0,000;0,000;0,119;0,100;0,360;0,230;0,163;0,000;0,667;0,204;0,000;0,414;0,086;0,103;0,099;0,120;0,210;0,267;0,394;0,166;0,000;0,388;0,000;0,112;0,167;0,287;0,121;0,107;0,346;0,000;0,106;0,000;0,000;0,262;0,336;0,202;0,325;0,000;0,229;0,108;0,231;0,000;0,000;0,100;0,000;0,460;0,433;0,119;0,181;0,109;0,433;0,000;0,114;0,761;0,000;0,345;0,251;0,485;0,110;0,095;0,610;0,398;0,227;0,114;0,098;0,118;0,097;0,102;0,123;0,179;0,207;0,000;0,000;0,087;0,086;0,246;0,098;0,085;0,116;0,197;0,117;0,116;0,000;0,092;0,112;0,234;0,339;0,000;0,000;0,407;0,401;0,411;0,520;0,318;0,000;0,093;0,233;0,243;0,353;0,692;0,000;0,240;0,660;0,306;0,232
2012q1;0,000;0,000;0,076;0,105;0,368;0,077;0,096;0,106;0,000;0,000;0,097;0,196;0,184;0,202;0,098;0,111;0,000;0,000;0,000;0,223;0,315;0,196;0,219;0,000;0,168;0,000;0,000;0,464;0,185;0,197;0,201;0,101;0,089;0,109;0,220;0,102;0,101;0,548;0,000;0,090;0,000;0,187;0,353;0,114;0,230;0,000;0,443;0,107;0,000;0,316;0,319;0,000;0,098;0,000;0,101;0,117;0,380;0,083;0,255;0,378;0,100;0,219;0,265;0,176;0,234;0,206;0,436;0,098;0,205;0,091;0,000;0,525;0,343;0,086;0,211;0,000;0,343;0,110;0,419;0,000;0,000;0,000;0,219;0,391;0,336;0,569;0,000;0,106;0,253;0,122;0,199;0,930;0,295;0,535;0,212;0,545;0,104;0,000;0,339;0,346;0,000;0,116;0,103;0,106;0,504;0,000;0,000;0,090;0,205;0,110;0,000;0,000;0,173;0,112;0,095;0,077;0,000;0,000;0,106;0,119;0,000;0,194;0,445;0,312;0,194;0,087;0,093;0,148;0,909;0,570;0,414;0,320;0,307;0,270;0,115;0,080;0,352;0,199;0,099;0,118;0,725;0,826;0,347
2012q2;0,000;0,112;0,083;0,117;0,414;0,000;0,273;0,538;0,000;0,000;0,341;0,120;0,503;0,000;0,186;0,090;0,000;0,191;0,162;0,193;0,406;0,258;0,101;0,124;0,270;0,171;0,203;0,940;0,000;0,000;0,076;0,448;0,660;0,230;0,128;0,093;0,162;0,796;0,000;0,429;0,334;0,324;0,564;0,000;0,486;0,101;0,376;0,259;0,114;0,584;0,689;0,084;0,317;0,110;0,497;0,261;0,347;0,877;0,000;0,488;0,000;0,328;0,154;0,585;0,262;0,099;0,237;0,179;0,486;0,000;0,000;0,479;0,102;0,000;0,199;0,000;0,282;0,107;0,467;0,369;0,000;0,000;0,081;0,359;0,455;0,380;0,452;0,168;0,289;0,000;0,000;0,491;0,170;0,306;0,000;0,569;0,144;0,453;0,281;0,480;0,189;0,128;0,098;0,000;0,208;0,000;0,000;0,159;0,412;0,442;0,116;0,092;0,076;0,137;0,000;0,096;0,000;0,091;0,374;0,115;0,289;0,314;0,344;0,137;0,123;0,089;0,125;0,000;0,728;0,697;0,175;0,494;0,269;0,221;0,099;0,457;0,669;0,746;0,102;0,226;0,722;0,448;0,947
2012q3;0,461;0,112;0,085;0,550;0,158;0,086;0,079;0,532;0,000;0,000;0,182;0,097;0,363;0,000;0,302;0,112;0,165;0,214;0,099;0,154;0,318;0,324;0,233;0,094;0,085;0,147;0,135;0,350;0,000;0,292;0,226;0,156;0,345;0,137;0,000;0,092;0,174;1,008;0,000;0,368;0,063;0,551;0,365;0,000;0,457;0,171;0,747;0,207;0,085;0,584;0,354;0,126;0,156;0,078;0,247;0,085;0,532;0,232;0,057;0,622;0,000;0,202;0,091;0,522;0,391;0,000;0,245;0,000;0,358;0,083;0,000;0,495;0,133;0,185;0,161;0,074;0,109;0,213;0,652;0,219;0,130;0,000;0,000;0,164;0,194;0,435;0,373;0,000;0,351;0,285;0,088;0,408;0,194;0,466;0,241;0,335;0,100;0,282;0,114;0,885;0,191;0,400;0,200;0,000;0,163;0,203;0,116;0,247;0,179;0,117;0,000;0,474;0,239;0,153;0,086;0,080;0,083;0,077;0,215;0,092;0,230;0,275;0,187;0,069;0,181;0,231;0,156;0,000;0,475;0,343;0,197;0,208;0,344;0,184;0,184;0,277;0,330;0,359;0,090;0,081;1,039;1,504;0,590
2012q4;0,578;0,000;0,127;0,298;0,355;0,090;0,081;0,220;0,000;0,182;0,215;0,154;0,207;0,137;0,070;0,244;0,000;0,159;0,553;0,310;0,638;0,220;0,000;0,061;0,328;0,159;0,094;0,354;0,106;0,186;0,237;0,173;0,320;0,121;0,000;0,153;0,577;0,466;0,000;0,303;0,354;0,341;0,247;0,000;0,446;0,000;0,342;0,365;0,000;0,255;0,186;0,000;0,098;0,172;0,264;0,215;0,357;0,096;0,126;0,524;0,192;0,140;0,064;0,519;0,387;0,000;0,405;0,000;0,221;0,000;0,000;0,444;0,230;0,107;0,247;0,174;0,326;0,204;1,220;0,249;0,085;0,000;0,101;0,333;0,142;0,238;0,379;0,000;0,510;0,378;0,000;0,287;0,000;0,544;0,416;0,488;0,245;0,235;0,000;0,321;0,220;0,100;0,162;0,000;0,231;0,082;0,000;0,059;0,402;0,069;0,000;0,325;0,162;0,371;0,149;0,144;0,000;0,087;0,099;0,189;0,056;0,157;0,251;0,000;0,258;0,074;0,127;0,149;0,642;0,289;0,247;0,210;0,098;0,097;0,279;0,711;0,243;0,281;0,085;0,139;0,405;0,621;0,742
2013q1;0,308;0,000;0,348;0,288;0,467;0,000;0,065;0,168;0,000;0,316;0,249;0,112;0,792;0,083;0,591;0,117;0,000;0,084;0,603;0,555;0,662;0,174;0,384;0,372;0,154;0,287;0,000;0,321;0,000;0,333;0,157;0,000;0,352;0,303;0,129;0,243;0,531;0,430;0,457;0,068;0,092;0,119;0,193;0,000;0,402;0,076;0,283;0,456;0,119;0,593;0,094;0,096;0,079;0,274;0,116;0,348;0,318;0,139;0,061;0,228;0,227;0,292;0,000;0,668;0,238;0,000;0,396;0,000;0,602;0,123;0,264;0,070;0,092;0,000;0,975;0,111;0,451;0,086;0,642;0,000;0,139;0,000;0,000;0,380;0,231;0,370;0,256;0,000;0,120;0,173;0,000;0,368;0,162;0,370;0,124;0,596;0,160;0,174;0,099;0,202;0,000;0,098;0,000;0,098;0,369;0,000;0,000;0,089;0,302;0,119;0,100;0,320;0,335;0,445;0,000;0,079;0,111;0,083;0,301;0,340;0,000;0,301;0,191;0,102;0,399;0,081;0,000;0,000;1,124;0,293;0,070;0,492;0,128;0,324;0,320;0,505;0,278;0,441;0,084;0,231;0,481;0,323;0,173
2013q2;0,196;0,000;0,198;0,104;0,232;0,000;0,074;0,446;0,000;0,000;0,184;0,113;0,259;0,293;0,675;0,124;0,093;0,679;0,253;0,292;0,229;0,000;0,134;0,271;0,102;0,145;0,312;0,337;0,000;0,077;0,132;0,201;0,211;0,279;0,263;0,199;0,433;0,340;0,155;0,000;0,000;0,070;0,222;0,000;0,349;0,295;0,362;0,639;0,000;0,733;0,000;0,185;0,181;0,229;0,142;0,261;0,524;0,082;0,205;0,243;0,115;0,099;0,143;0,081;0,465;0,281;0,000;0,000;0,626;0,111;0,223;0,075;0,128;0,000;0,748;0,095;0,431;0,116;0,852;0,324;0,189;0,000;0,092;0,108;0,130;0,252;0,243;0,122;0,120;0,091;0,000;0,274;0,406;0,317;0,000;0,455;0,332;0,157;0,120;1,180;0,188;0,106;0,085;0,325;0,438;0,000;0,000;0,073;0,198;0,199;0,000;0,287;0,248;0,208;0,000;0,163;0,080;0,000;0,102;0,276;0,148;0,409;0,405;0,000;0,476;0,192;0,000;0,000;0,460;0,318;0,274;0,261;0,000;0,116;0,362;0,090;0,449;0,261;0,277;0,190;0,617;0,259;0,476
2013q3;1,218;0,000;0,095;0,111;0,531;0,000;0,000;0,361;0,291;0,100;0,106;0,101;0,000;0,187;0,686;0,000;0,000;0,260;0,573;0,384;0,227;0,108;0,286;0,161;0,042;0,000;0,079;0,298;0,000;0,357;0,218;0,164;0,181;0,143;0,098;0,188;0,325;0,224;0,124;0,000;0,000;0,091;0,353;0,000;0,174;1,379;0,316;0,259;0,000;0,699;0,085;0,205;0,179;0,306;0,110;0,273;0,574;0,146;0,092;0,465;0,153;0,304;0,333;0,181;0,000;0,000;0,000;0,000;0,209;0,000;0,706;0,168;0,097;0,000;0,964;0,122;0,214;0,095;0,643;0,067;0,086;0,000;0,170;0,436;0,307;0,137;0,214;0,096;0,398;0,385;0,000;0,291;0,186;0,271;0,158;0,217;0,345;0,172;0,123;1,292;0,169;0,000;0,000;0,417;0,465;0,000;0,000;0,000;0,411;0,393;0,000;0,523;0,064;0,301;0,000;0,151;0,000;0,000;0,241;0,296;0,102;0,290;0,110;0,000;0,504;0,167;0,000;0,152;0,242;0,173;0,327;0,000;0,000;0,339;0,318;0,174;0,374;0,209;0,094;0,072;0,421;0,086;0,316
2013q4;0,547;0,279;0,094;0,361;0,077;0,000;0,000;0,513;0,081;0,071;0,309;0,680;0,100;0,086;0,526;0,000;0,088;0,208;0,286;0,312;0,507;0,068;0,000;0,230;0,089;0,249;0,224;0,153;0,000;0,068;0,273;0,078;0,302;0,000;0,000;0,174;0,537;0,436;0,136;0,407;0,000;0,191;0,410;0,193;0,288;0,662;0,356;0,356;0,000;0,888;0,194;0,193;0,000;0,283;0,000;0,000;0,526;0,000;0,135;0,277;0,138;0,000;0,374;0,354;0,294;0,000;0,220;0,158;0,238;0,191;0,733;0,000;0,393;0,132;0,183;0,000;0,311;0,000;0,688;0,136;0,190;0,298;0,078;0,533;0,233;0,081;0,080;0,000;0,370;0,204;0,000;0,724;0,143;0,275;0,690;0,490;0,099;0,304;0,445;0,368;0,000;0,303;0,092;0,667;0,245;0,077;0,122;0,081;0,345;0,489;0,247;0,357;0,111;0,237;0,201;0,211;0,000;0,093;0,102;0,366;0,205;0,322;0,238;0,164;0,233;0,075;0,101;0,000;0,984;0,143;0,239;0,000;0,276;0,127;0,324;0,122;0,319;0,000;0,369;0,171;0,681;0,125;0,524
2014q1;0,304;0,372;0,342;0,090;0,204;0,000;0,000;0,220;0,000;0,285;0,479;0,551;0,000;0,000;0,495;0,000;0,000;0,192;0,167;0,362;0,094;0,000;0,154;0,188;0,174;0,169;0,421;0,000;0,217;0,331;0,096;0,068;0,417;0,000;0,177;0,000;0,078;0,176;0,124;0,104;0,000;0,312;0,302;0,164;0,125;0,471;0,500;0,395;0,000;0,793;0,312;0,364;0,000;0,293;0,080;0,081;0,169;0,215;0,177;0,175;0,077;0,105;0,267;0,302;0,198;0,000;0,185;0,140;0,263;0,087;0,536;0,534;0,202;0,085;0,351;0,212;0,551;0,090;0,430;0,053;0,096;0,000;0,265;0,804;0,056;0,069;0,000;0,000;0,118;0,113;0,000;0,697;0,090;0,256;0,191;0,525;0,102;0,082;0,524;0,540;0,184;0,000;0,000;0,464;0,294;0,178;0,000;0,000;0,314;0,126;0,000;0,231;0,087;0,606;0,085;0,174;0,000;0,000;0,200;0,443;0,000;0,431;0,350;0,000;0,111;0,515;0,093;0,135;0,743;0,339;0,141;0,000;0,229;0,138;0,169;0,163;0,353;0,151;0,386;0,063;0,833;0,269;0,363
2014q2;0,566;0,000;0,318;0,387;0,172;0,146;0,308;0,170;0,000;0,000;0,400;1,142;0,176;0,000;0,344;0,000;0,000;0,202;0,245;0,371;0,077;0,057;0,422;0,058;0,150;0,690;0,149;0,604;0,000;0,406;0,132;0,094;0,302;0,100;0,000;0,424;0,072;0,324;0,131;0,078;0,065;0,221;0,238;0,076;0,360;0,329;0,092;0,381;0,000;0,707;0,074;0,265;0,086;0,231;0,118;0,000;0,070;0,127;0,051;0,253;0,258;0,077;0,157;0,310;0,000;0,098;0,065;0,343;0,153;0,160;0,414;0,442;0,000;0,000;0,273;0,219;0,463;0,000;0,567;0,201;0,383;0,000;0,335;0,386;0,215;0,070;0,000;0,000;0,000;0,107;0,097;0,397;0,000;0,209;0,069;0,060;0,000;0,170;0,399;0,365;0,095;0,000;0,000;0,207;0,000;0,000;0,000;0,287;0,079;0,161;0,000;0,325;0,369;0,650;0,070;0,254;0,082;0,000;0,551;0,289;0,127;0,538;0,459;0,065;0,332;0,394;0,095;0,000;0,440;0,429;0,181;0,105;0,075;0,400;0,155;0,183;0,138;0,092;0,255;0,000;0,475;0,258;0,624
2014q3;0,963;0,000;0,192;0,192;0,443;0,117;0,080;0,085;0,000;0,103;0,072;0,565;0,597;0,231;0,229;0,000;0,000;0,287;0,278;0,398;0,071;0,000;0,413;0,128;0,104;0,217;0,227;0,268;0,000;0,000;0,114;0,162;0,226;0,212;0,164;0,082;0,262;0,257;0,133;0,000;0,000;0,140;0,095;0,000;0,364;0,261;0,088;0,215;0,000;0,807;0,113;0,102;0,076;0,301;0,000;0,000;0,055;0,243;0,274;0,067;0,149;0,056;0,122;0,104;0,000;0,000;0,111;0,392;0,139;0,204;0,429;0,164;0,000;0,083;0,188;0,087;0,585;0,090;0,521;0,422;0,345;0,000;0,267;0,081;0,061;0,099;0,078;0,081;0,131;0,269;0,132;0,357;0,086;0,000;0,233;0,153;0,106;0,358;0,316;0,378;0,092;0,103;0,484;0,121;0,142;0,073;0,152;0,411;0,259;0,000;0,096;0,176;0,164;0,252;0,078;0,207;0,125;0,000;0,000;0,358;0,000;0,193;0,442;0,000;0,111;0,279;0,132;0,105;0,359;0,527;0,404;0,093;0,000;0,172;0,207;0,058;0,108;0,000;0,175;0,090;0,121;1,032;0,235
2014q4;0,336;0,137;0,106;0,066;0,366;0,097;0,086;0,160;0,000;0,231;0,000;0,880;0,467;0,000;0,493;0,193;0,113;0,202;0,324;0,362;0,115;0,064;0,292;0,132;0,081;0,380;0,259;0,313;0,084;0,126;0,183;0,084;0,337;0,099;0,089;0,324;0,067;0,196;0,154;0,328;0,000;0,172;0,139;0,000;0,104;0,279;0,364;0,339;0,000;0,773;0,410;0,137;0,000;0,190;0,089;0,000;0,089;0,073;0,205;0,082;0,374;0,068;0,324;0,135;0,081;0,000;0,127;0,000;0,527;0,125;0,211;0,080;0,095;0,000;0,098;0,094;0,410;0,085;1,028;0,209;0,400;0,000;0,000;0,140;0,196;0,089;0,146;0,105;0,107;0,345;0,177;0,501;0,000;0,000;0,139;0,484;0,000;0,288;0,206;0,492;0,000;0,098;0,285;0,342;0,061;0,000;0,128;0,081;0,310;0,076;0,000;0,164;0,367;0,292;0,000;0,185;0,062;0,000;0,292;0,079;0,073;0,328;0,426;0,104;0,309;0,000;0,000;0,000;0,189;0,273;0,369;0,123;0,212;0,168;0,267;0,184;0,122;0,000;0,128;0,000;0,551;0,934;0,160
2015q1;0,389;0,000;0,115;0,177;0,385;0,064;0,230;0,098;0,000;0,174;0,121;1,133;0,911;0,000;0,386;0,104;0,000;0,125;0,374;0,506;0,267;0,272;0,255;0,204;0,169;0,257;0,368;0,812;0,000;0,107;0,114;0,000;0,299;0,230;0,311;0,302;0,077;0,265;0,095;0,251;0,061;0,000;0,422;0,076;0,994;0,148;0,292;0,197;0,124;0,534;0,605;0,000;0,079;0,111;0,217;0,125;0,217;0,199;0,440;0,178;0,500;0,111;0,177;0,074;0,142;0,275;0,276;0,207;0,272;0,070;0,000;0,164;0,094;0,000;0,090;0,131;0,417;0,293;0,488;0,117;0,092;0,116;0,380;0,179;0,138;0,088;0,141;0,101;0,098;0,208;0,134;0,247;0,092;0,072;0,179;0,733;0,000;0,174;0,207;0,415;0,261;0,000;0,000;0,310;0,145;0,000;0,137;0,242;0,212;0,215;0,000;0,174;0,297;0,138;0,166;0,192;0,078;0,096;0,165;0,158;0,241;0,054;0,222;0,118;0,212;0,080;0,000;0,180;0,000;0,672;0,251;0,210;0,420;0,404;0,307;0,350;0,061;0,000;0,103;0,000;0,536;1,079;0,187
2015q2;0,395;0,000;0,253;0,000;0,487;0,000;0,124;0,455;0,093;0,175;0,000;0,683;0,544;0,099;0,314;0,302;0,000;0,417;0,387;0,377;0,141;0,137;0,573;0,419;0,087;0,309;0,365;0,959;0,083;0,309;0,224;0,000;0,106;0,475;0,000;0,249;0,334;0,155;0,138;0,167;0,000;0,297;0,232;0,000;0,323;0,276;0,097;0,000;0,000;0,586;0,561;0,312;0,112;0,063;0,000;0,481;0,258;0,000;0,185;0,241;0,279;0,180;0,078;0,271;0,000;0,252;0,126;0,395;0,474;0,340;0,000;0,185;0,097;0,000;0,207;0,110;0,319;0,076;0,085;0,377;0,324;0,000;0,090;0,100;0,166;0,000;0,613;0,243;0,000;0,262;0,000;0,305;0,078;0,000;0,140;0,811;0,102;0,000;0,181;0,250;0,174;0,000;0,000;0,332;0,335;0,152;0,162;0,775;0,183;0,116;0,094;0,000;0,226;0,082;0,135;0,164;0,076;0,165;0,443;0,139;0,315;0,160;0,312;0,000;0,093;0,156;0,000;0,000;0,257;0,786;0,230;0,199;0,097;0,078;0,350;0,416;0,442;0,354;0,129;0,047;0,595;1,196;0,162
2015q3;0,430;0,000;0,288;0,000;0,144;0,000;0,264;0,497;0,305;0,185;0,076;0,262;0,753;0,112;0,420;0,335;0,230;0,094;0,432;0,682;0,086;0,277;0,752;0,313;0,087;0,155;0,198;0,977;0,000;0,192;0,103;0,252;0,067;0,330;0,094;0,302;0,396;0,258;0,115;0,155;0,000;0,076;0,135;0,000;0,220;0,420;0,107;0,414;0,000;0,505;0,228;0,290;0,000;0,155;0,107;0,460;0,000;0,000;0,158;0,293;0,072;0,000;0,153;0,163;0,000;0,172;0,066;0,391;0,583;0,000;0,000;0,099;0,000;0,000;0,375;0,073;0,397;0,000;0,000;0,300;0,365;0,136;0,203;0,181;0,197;0,306;0,072;0,541;0,000;0,296;0,224;0,155;0,547;0,000;0,000;0,746;0,000;0,360;0,276;0,217;0,125;0,000;0,000;0,686;0,085;0,237;0,152;0,468;0,332;0,341;0,000;0,109;0,417;0,000;0,000;0,093;0,068;0,094;0,108;0,000;0,121;0,427;0,462;0,000;0,107;0,659;0,000;0,115;0,299;0,888;0,266;0,393;0,374;0,157;0,223;0,253;0,214;0,000;0,147;0,113;1,163;0,823;0,194
2015q4;0,297;0,000;0,303;0,000;0,426;0,194;0,080;0,343;0,551;0,689;0,287;0,473;0,490;0,000;0,320;0,534;0,000;0,178;0,527;0,559;0,268;0,084;0,703;0,412;0,044;0,240;0,463;0,883;0,000;0,271;0,298;0,235;0,284;0,355;0,090;0,586;0,300;0,147;0,350;0,373;0,160;0,482;0,222;0,162;0,372;0,883;0,112;0,197;0,000;0,377;0,272;0,466;0,091;0,379;0,179;0,614;0,158;0,244;0,064;0,289;0,298;0,085;0,061;0,400;0,103;0,000;0,083;0,947;0,094;0,174;0,000;0,079;0,000;0,000;0,202;0,588;0,302;0,000;0,240;0,145;0,071;0,118;0,104;0,424;0,229;0,463;0,374;0,243;0,000;0,340;0,591;0,477;0,090;0,289;0,286;0,637;0,000;0,358;0,407;0,000;0,000;0,174;0,000;0,362;0,273;0,210;0,136;0,390;0,591;0,242;0,000;0,310;0,222;0,362;0,150;0,099;0,302;0,074;0,174;0,204;0,272;0,453;0,455;0,193;0,000;0,310;0,000;0,000;0,422;0,542;0,103;1,089;0,377;0,149;0,243;0,055;0,467;0,173;0,139;0,053;0,634;0,714;0,312
2016q1;0,675;0,161;0,231;0,069;0,309;0,000;0,384;0,273;0,439;0,135;0,000;0,255;0,302;0,000;0,229;0,414;0,213;0,206;0,629;0,313;0,000;0,078;0,758;0,182;0,183;0,123;0,358;0,618;0,376;0,298;0,142;0,000;0,439;0,243;0,000;0,208;0,260;0,095;0,409;0,819;0,000;0,195;0,087;0,257;0,537;0,769;0,557;0,286;0,297;0,109;0,544;0,000;0,000;0,138;0,000;0,777;0,000;0,000;0,159;0,211;0,137;0,000;0,000;0,424;0,092;0,000;0,063;0,613;0,345;0,076;0,000;0,000;0,000;0,000;0,376;0,161;0,106;0,177;0,433;0,000;0,254;0,000;0,165;0,183;0,214;0,201;0,088;0,079;0,098;0,210;0,417;0,230;0,087;0,162;0,231;0,521;0,000;0,175;0,095;0,000;0,000;0,277;0,079;0,271;0,464;0,566;0,152;0,377;0,243;0,188;0,000;0,106;0,724;0,063;0,079;0,081;0,256;0,000;0,000;0,338;0,087;0,085;0,100;0,274;0,215;0,244;0,000;0,307;0,118;0,496;0,393;0,599;0,428;0,624;0,057;0,082;0,567;0,262;0,000;0,174;1,177;1,368;0,360
2016q2;0,211;0,000;0,172;0,000;0,143;0,082;0,071;0,639;0,294;0,407;0,089;0,295;0,254;0,000;0,135;0,429;0,819;0,074;0,339;0,572;0,118;0,054;0,572;0,235;0,000;0,271;0,388;0,807;0,000;0,156;0,281;0,000;0,268;0,000;0,106;0,504;0,243;0,000;0,236;0,226;0,074;0,145;0,000;0,075;1,163;0,871;0,160;0,432;0,127;0,533;0,227;0,064;0,000;0,214;0,000;1,307;0,000;0,078;0,104;0,266;0,350;0,077;0,000;0,202;0,079;0,000;0,142;0,375;0,186;0,223;0,000;0,000;0,085;0,098;0,096;0,272;0,000;0,359;0,133;0,057;0,276;0,000;0,606;0,200;0,100;0,143;0,190;0,000;0,113;0,515;0,000;0,167;0,086;0,640;0,260;0,615;0,169;0,171;0,176;0,096;0,075;0,603;0,068;0,319;0,055;0,115;0,289;0,256;0,148;0,000;0,000;0,106;0,162;0,206;0,137;0,074;0,222;0,000;0,277;0,000;0,000;0,119;0,220;0,087;0,000;0,579;0,214;0,095;0,183;0,389;0,343;0,233;0,107;0,595;0,072;0,124;0,532;0,254;0,000;0,051;1,659;0,689;0,540
2016q3;0,136;0,000;0,312;0,162;0,070;0,000;0,328;0,241;0,293;0,371;0,331;0,657;0,542;0,120;0,192;0,472;0,304;0,000;0,231;0,630;0,451;0,073;0,861;0,243;0,101;0,557;0,739;1,094;0,597;0,498;0,467;0,000;0,095;1,074;0,000;0,230;0,096;0,000;0,113;0,236;0,589;0,329;0,161;0,332;1,364;0,823;0,525;0,246;0,757;0,967;0,436;0,270;0,091;0,085;0,324;1,200;0,120;0,234;0,230;0,535;0,074;0,107;0,155;0,424;0,000;0,000;0,133;0,506;0,446;0,102;0,000;0,000;0,000;0,000;0,110;1,060;0,090;0,325;0,279;0,187;0,181;0,000;0,546;0,104;0,060;0,905;0,914;0,299;0,107;0,388;0,107;0,098;0,000;0,876;0,584;0,148;0,136;0,717;1,383;0,707;0,341;0,319;0,176;0,000;0,000;0,195;0,244;0,126;0,208;0,449;0,221;0,108;0,467;0,141;0,069;0,073;0,782;0,183;0,522;0,088;0,000;0,132;0,740;0,475;0,664;0,305;0,000;0,095;0,539;0,491;0,547;0,185;0,393;0,283;0,199;0,353;0,672;0,236;0,000;0,063;1,250;0,506;0,797
2016q4;0,327;0,119;0,303;0,304;0,080;0,000;0,213;0,434;0,618;0,358;0,110;0,439;0,108;0,195;0,507;0,225;0,653;0,156;0,779;0,150;0,286;0,320;0,498;0,267;0,040;0,134;0,358;0,579;0,000;0,449;0,396;0,174;0,206;0,555;0,321;0,414;0,080;0,072;0,000;0,373;0,156;0,306;0,317;0,194;0,878;0,574;0,550;0,540;0,000;0,114;0,248;0,207;0,164;0,236;0,254;0,518;0,171;0,207;0,425;0,339;0,322;0,253;0,264;0,460;0,169;0,082;0,310;0,620;0,712;0,198;0,000;0,280;0,090;0,171;0,287;0,208;0,321;0,311;0,807;0,184;0,187;0,307;0,860;0,149;0,489;0,289;0,090;0,000;0,267;0,524;0,000;0,263;0,088;0,308;0,472;0,385;0,247;0,567;0,683;0,463;0,665;0,171;0,214;0,520;0,162;0,140;0,108;0,918;0,515;0,068;0,181;0,257;0,152;0,145;0,136;0,196;0,165;0,159;0,116;0,089;0,115;0,000;0,311;0,158;0,114;0,242;0,256;0,353;0,441;0,677;0,509;0,431;0,558;0,502;0,116;0,299;0,170;0,401;0,164;0,060;0,964;0,860;0,225
2017q1;0,401;0,318;0,316;0,485;0,071;0,446;0,319;0,362;0,250;0,497;0,229;0,619;0,408;0,000;0,638;0,323;0,343;0,108;0,859;0,634;0,000;0,520;0,554;0,278;0,065;0,654;0,709;0,994;0,154;0,000;0,203;0,144;0,181;0,504;0,082;0,081;0,184;0,000;0,484;0,347;0,724;0,205;0,231;1,160;0,519;0,197;0,427;0,288;0,833;0,419;0,474;0,317;0,000;0,850;0,408;0,624;0,176;0,000;0,053;0,872;0,531;0,189;0,144;0,482;0,000;0,000;0,000;0,575;0,859;0,135;0,000;0,081;0,097;0,000;0,089;0,476;0,103;0,214;0,374;0,462;0,474;0,409;0,902;0,487;0,279;0,369;0,473;0,000;0,277;0,509;0,199;0,086;0,211;0,743;0,282;0,207;0,246;0,440;0,407;0,285;0,484;0,253;0,000;0,210;0,085;0,093;0,704;0,671;0,421;0,369;0,186;0,198;0,366;0,330;0,255;0,089;0,392;0,187;0,107;0,265;0,318;0,361;0,297;0,242;0,180;0,271;0,112;0,000;0,173;0,320;0,198;0,122;0,157;0,314;0,273;0,428;0,092;0,337;0,000;0,355;1,041;0,557;0,578
2017q2;0,082;0,165;0,240;0,254;0,290;0,113;0,404;0,080;0,306;0,155;0,000;0,199;0,290;0,000;0,225;0,382;0,185;0,351;0,786;0,000;0,095;0,204;0,321;0,245;0,000;0,216;0,319;0,940;0,116;0,400;0,698;0,154;0,064;0,335;0,233;0,082;0,100;0,066;0,000;0,164;0,000;0,000;0,170;0,505;0,448;0,206;0,341;0,108;0,662;0,331;0,096;0,441;0,000;0,322;0,605;0,414;0,164;0,000;0,154;0,351;0,226;0,096;0,145;0,276;0,000;0,000;0,000;0,363;0,466;0,221;0,343;0,000;0,000;0,000;0,080;0,438;0,084;0,085;0,326;0,149;0,290;0,095;0,434;0,280;0,515;0,517;0,181;0,146;0,000;0,439;0,000;0,096;0,000;0,225;0,241;0,376;0,383;0,320;0,267;0,466;0,234;0,326;0,000;0,367;0,395;0,168;0,000;0,262;0,132;0,235;0,178;0,000;0,137;0,082;0,070;0,068;0,404;0,000;0,000;0,698;0,125;0,120;0,086;0,105;0,088;0,362;0,095;0,000;0,000;0,527;0,098;0,000;0,156;0,074;0,284;0,104;0,000;0,423;0,000;0,056;1,127;0,489;0,510
2017q3;0,641;0,225;0,083;0,078;0,262;0,084;0,331;0,161;0,373;0,186;0,000;0,179;0,000;0,000;0,251;0,208;0,095;0,086;0,387;0,228;0,000;0,070;0,456;0,000;0,102;0,140;0,087;0,412;0,125;0,169;0,270;0,000;0,172;0,375;0,089;0,098;0,371;0,209;0,204;0,261;0,127;0,000;0,113;0,299;0,467;0,193;0,344;0,124;0,091;0,672;0,105;0,106;0,000;0,306;0,210;0,000;0,000;0,000;0,104;0,383;0,271;0,000;0,081;0,318;0,076;0,000;0,073;0,404;1,021;0,200;0,222;0,084;0,080;0,000;0,438;0,198;0,000;0,119;0,294;0,071;0,150;0,113;0,277;0,113;0,585;0,268;0,000;0,067;0,000;0,630;0,000;0,103;0,091;0,255;0,085;0,368;0,344;0,439;0,217;0,201;0,378;0,206;0,165;0,101;0,153;0,085;0,000;0,163;0,000;0,443;0,000;0,000;0,260;0,000;0,235;0,146;0,176;0,081;0,000;0,482;0,000;0,051;0,000;0,000;0,193;0,168;0,106;0,000;0,114;0,382;0,000;0,000;0,211;0,330;0,066;0,054;0,067;0,138;0,000;0,000;1,382;0,512;0,347
2017q4;0,355;0,243;0,149;0,331;0,133;0,099;0,175;0,268;0,299;0,209;0,081;0,000;0,193;0,219;0,312;0,318;0,000;0,172;0,786;0,100;0,000;0,153;0,092;0,146;0,227;0,249;0,086;0,356;0,109;0,159;0,262;0,077;0,928;0,256;0,203;0,112;0,199;0,093;0,000;0,602;0,000;0,079;0,187;0,000;0,466;0,083;0,420;0,365;0,337;0,309;0,166;0,284;0,000;0,398;0,366;0,102;0,080;0,145;0,130;0,424;0,527;0,085;0,205;0,440;0,088;0,000;0,140;0,425;0,906;0,094;0,284;0,085;0,326;0,190;0,300;0,803;0,089;0,000;0,417;0,113;0,124;0,125;0,318;0,276;0,638;0,324;0,281;0,297;0,000;0,453;0,000;0,107;0,270;0,184;0,284;0,567;0,181;0,289;0,000;0,238;0,307;0,435;0,000;0,093;0,086;0,431;0,245;0,227;0,144;0,468;0,275;0,604;0,319;0,097;0,464;0,082;0,228;0,156;0,418;0,309;0,090;0,184;0,158;0,093;0,124;0,381;0,144;0,000;0,221;0,264;0,105;0,000;0,000;0,237;0,388;0,157;0,000;0,092;0,133;0,000;1,821;0,381;0,000
2018q1;0,199;0,078;0,074;0,277;0,126;0,107;0,155;0,000;0,000;0,089;0,000;0,250;0,315;0,000;0,118;0,303;0,404;0,075;0,553;0,000;0,000;0,146;0,000;0,072;0,046;0,332;0,000;0,432;0,000;0,261;0,324;0,000;0,352;0,142;0,087;0,000;0,148;0,141;0,000;0,329;0,091;0,076;0,119;0,000;0,474;0,086;0,185;0,108;0,485;0,240;0,236;0,186;0,000;0,722;0,264;0,483;0,000;0,000;0,058;0,220;0,620;0,085;0,116;0,397;0,081;0,000;0,000;0,369;0,502;0,253;0,093;0,000;0,000;0,000;0,701;1,028;0,091;0,252;0,168;0,248;0,375;0,079;0,459;0,243;0,410;0,258;0,202;0,159;0,000;0,352;0,265;0,090;0,076;0,202;0,362;0,267;0,076;0,132;0,323;0,000;0,572;0,000;0,000;0,077;0,345;0,067;0,109;0,151;0,000;0,425;0,089;0,204;0,234;0,000;0,064;0,288;0,257;0,166;0,226;0,401;0,069;0,273;0,000;0,343;0,322;0,221;0,116;0,000;0,393;0,179;0,000;0,186;0,094;0,000;0,290;0,000;0,084;0,340;0,000;0,065;0,608;0,451;0,229
2018q2;0,133;0,211;0,118;0,126;0,287;0,173;0,078;0,246;0,083;0,198;0,086;0,081;0,000;0,000;0,223;0,248;0,000;0,508;0,877;0,000;0,000;0,143;0,172;0,227;0,361;0,126;0,000;0,495;0,105;0,282;0,344;0,283;0,253;0,071;0,191;0,169;0,228;0,078;0,104;0,410;0,000;0,076;0,128;0,000;0,435;0,107;0,224;0,307;0,000;0,177;0,440;0,500;0,000;0,121;0,226;0,000;0,082;0,000;0,060;0,226;0,407;0,000;0,000;0,295;0,178;0,000;0,072;0,298;0,283;0,231;0,000;0,133;0,088;0,134;0,542;0,362;0,192;0,102;0,098;0,098;0,128;0,108;0,564;0,110;0,675;0,249;0,000;0,084;0,000;0,797;0,000;0,090;0,000;0,267;0,081;0,180;0,234;0,185;0,093;0,000;0,121;0,000;0,222;0,236;0,275;0,198;0,109;0,241;0,159;0,060;0,061;0,215;0,433;0,082;0,223;0,295;0,067;0,000;0,114;0,125;0,151;0,000;0,167;0,256;0,075;0,258;0,000;0,111;0,528;0,782;0,000;0,224;0,000;0,087;0,139;0,211;0,000;0,584;0,000;0,071;0,889;0,326;0,084
2018q3;0,129;0,114;0,074;0,393;0,444;0,088;0,218;0,085;0,084;0,537;0,080;0,000;0,086;0,000;0,191;0,274;0,000;0,498;1,922;0,000;0,000;0,218;0,251;0,325;0,134;0,070;0,091;0,547;0,217;0,340;0,000;0,067;0,238;0,220;0,090;0,415;0,258;0,136;0,119;0,138;0,202;0,072;0,124;0,212;0,700;0,097;0,185;0,262;0,141;0,123;0,150;0,308;0,085;0,756;0,149;0,480;0,067;0,070;0,060;0,278;0,420;0,316;0,285;0,267;0,000;0,000;0,202;0,249;0,692;0,113;0,000;0,074;0,083;0,000;0,598;0,320;0,000;0,089;0,128;0,164;0,209;0,000;0,477;0,153;0,501;0,072;0,087;0,096;0,000;0,436;0,000;0,338;0,000;0,208;0,101;0,211;0,288;0,154;0,088;0,000;0,320;0,092;0,000;0,104;0,286;0,076;0,000;0,141;0,142;0,581;0,083;0,121;0,295;0,000;0,174;0,266;0,067;0,090;0,125;0,678;0,061;0,302;0,266;0,209;0,000;0,183;0,000;0,000;0,185;0,100;0,000;0,142;0,000;0,000;0,678;0,308;0,000;0,642;0,000;0,000;0,811;0,466;0,273
2018q4;0,236;0,290;0,088;0,231;0,741;0,207;0,238;0,066;0,000;0,271;0,202;0,000;0,000;0,111;0,090;0,091;0,000;0,819;1,010;0,271;0,000;0,282;0,756;0,568;0,120;0,261;0,073;0,431;0,000;0,653;0,592;0,000;0,332;0,252;0,797;0,563;0,585;0,115;0,000;0,301;0,082;0,082;0,059;0,082;0,824;0,000;0,075;0,245;0,000;0,110;0,076;0,830;0,000;0,149;0,082;0,000;0,000;0,000;0,122;0,265;0,230;0,000;0,259;0,168;0,141;0,000;0,064;0,331;0,299;0,129;0,127;0,168;0,000;0,000;1,105;0,202;0,000;0,204;0,167;0,064;0,170;0,235;0,390;0,000;1,058;0,467;0,000;0,102;0,000;0,185;0,000;0,296;0,082;0,322;0,000;0,235;0,719;0,293;0,000;0,000;0,469;0,081;0,000;0,768;0,661;0,069;0,000;0,083;0,148;0,428;0,170;0,000;0,239;0,000;0,217;0,305;0,133;0,000;0,000;0,075;0,000;0,103;0,150;0,000;0,000;0,079;0,000;0,169;0,490;0,159;0,000;0,000;0,098;0,676;0,705;0,251;0,112;0,846;0,000;0,000;0,168;0,209;0,071
2019q1;0,134;0,237;0,236;0,217;0,199;0,289;0,148;0,192;0,000;0,540;0,099;0,178;0,336;0,000;0,298;0,090;0,000;0,537;0,409;0,412;0,497;0,340;0,853;0,100;0,153;0,375;0,374;0,787;0,464;0,089;0,000;0,311;0,695;0,302;0,191;0,943;0,098;0,142;0,355;0,392;0,403;0,232;0,320;0,660;1,125;0,283;0,351;0,466;0,000;0,550;0,280;0,319;0,000;0,815;0,366;0,153;0,094;0,234;0,187;0,746;0,256;0,000;0,135;0,266;0,000;0,000;0,200;0,236;0,077;0,371;0,091;0,231;0,148;0,000;0,353;0,441;0,204;0,090;0,177;0,632;0,507;0,000;0,795;0,318;0,639;0,244;0,357;0,088;0,000;0,159;0,395;0,382;0,159;0,385;0,361;0,281;0,248;0,269;0,000;0,000;0,108;0,158;0,000;0,121;0,303;0,148;0,372;0,271;0,292;0,731;0,157;0,242;0,294;0,334;0,253;0,277;0,134;0,088;0,349;0,710;0,000;0,362;0,105;0,428;0,434;0,074;0,391;0,423;0,549;0,458;0,000;0,000;0,109;0,809;0,643;0,481;0,259;0,632;0,000;0,073;1,091;0,300;0,425
2019q2;0,000;0,239;0,142;0,074;0,393;0,000;0,396;0,110;0,267;0,238;0,144;0,373;0,134;0,000;0,065;0,173;0,406;0,536;0,396;0,197;0,000;0,565;0,232;0,000;0,476;0,248;0,000;0,841;0,000;0,134;0,201;0,214;0,741;0,402;0,378;1,254;0,000;0,081;0,000;0,411;0,220;0,223;0,467;0,469;0,680;0,000;0,099;0,771;0,471;0,181;0,358;0,802;0,064;0,289;0,076;0,182;0,140;0,244;0,249;1,004;0,268;0,177;0,380;0,423;0,000;0,000;0,274;0,356;0,301;0,117;0,246;0,000;0,000;0,140;0,604;0,105;0,111;0,109;0,526;0,281;0,227;0,000;0,420;0,082;0,669;0,205;0,000;0,000;0,000;0,277;0,000;0,409;0,000;0,256;0,000;0,437;0,691;0,323;0,000;0,000;0,138;0,000;0,000;0,242;0,347;0,113;0,112;0,073;0,317;0,211;0,000;0,470;0,328;0,129;0,316;0,620;0,370;0,091;0,000;0,000;0,251;0,248;0,252;0,000;0,000;0,163;0,120;0,000;0,184;0,379;0,000;0,000;0,100;0,497;0,372;0,462;0,000;0,159;0,000;0,000;0,814;0,089;0,256
2019q3;0,268;0,141;0,086;0,080;0,467;0,000;0,319;0,428;0,000;0,220;0,378;0,186;0,148;0,000;0,243;0,269;0,000;0,732;0,334;0,237;0,317;0,271;0,932;0,163;0,192;0,314;0,173;0,613;0,301;0,086;0,154;0,203;0,429;0,196;0,805;0,900;0,187;0,000;0,000;0,365;0,088;0,483;0,135;0,301;1,157;0,171;0,224;0,528;0,133;0,109;0,333;0,408;0,000;0,631;0,316;0,418;0,173;0,271;0,074;1,194;0,076;0,124;0,367;0,275;0,165;0,000;0,136;0,215;0,000;0,101;0,227;0,237;0,094;0,106;0,122;0,336;0,085;0,000;0,111;0,676;0,532;0,000;1,243;0,177;0,472;0,000;0,142;0,290;0,000;0,436;0,000;0,169;0,000;0,227;0,078;0,212;0,280;0,249;0,241;0,000;0,610;0,000;0,104;0,302;0,492;0,114;0,000;0,261;0,416;0,305;0,194;0,517;0,307;0,085;0,000;0,406;0,080;0,000;0,085;0,521;0,247;0,344;0,108;0,280;0,175;0,211;0,113;0,000;0,172;0,105;0,000;0,121;0,550;0,000;0,617;0,425;0,000;0,259;0,000;0,000;1,085;0,190;0,059
2019q4;0,607;0,354;0,168;0,060;0,599;0,000;0,000;0,414;0,000;0,541;0,340;0,276;0,157;0,000;0,364;0,318;0,000;1,180;0,576;0,295;0,132;0,708;0,495;1,070;0,335;0,362;0,183;0,602;0,256;0,086;0,101;0,214;0,620;0,385;0,534;0,657;0,347;0,000;0,000;0,606;0,228;0,658;0,465;0,352;1,757;0,497;0,080;0,936;0,203;0,187;0,370;0,117;0,186;0,726;0,088;0,115;0,080;0,335;0,265;1,433;0,335;0,000;0,277;0,865;0,000;0,000;0,210;0,174;0,396;0,120;0,094;0,000;0,099;0,000;0,232;0,107;0,225;0,243;0,093;0,401;0,429;0,129;0,948;0,000;0,544;0,261;0,122;0,000;0,000;0,259;0,122;0,088;0,000;0,000;0,153;0,468;0,181;0,398;0,094;0,000;0,365;0,000;0,000;0,268;0,359;0,139;0,000;0,355;0,476;0,393;0,000;0,536;0,454;0,000;0,208;0,358;0,265;0,000;0,000;0,187;0,460;0,134;0,000;0,109;0,402;0,000;0,000;0,151;0,269;0,384;0,000;0,000;0,137;0,000;0,170;0,787;0,000;0,000;0,000;0,000;1,104;0,124;0,053
2020q1;0,195;0,193;0,058;0,059;0,516;0,097;0,386;0,353;0,000;0,389;0,616;0,278;0,100;0,000;0,151;0,206;0,000;1,364;0,594;0,214;0,258;0,843;0,688;0,550;0,565;0,440;0,210;0,228;0,220;0,155;0,167;0,104;0,612;0,166;0,287;0,125;0,541;0,000;0,086;0,454;0,236;0,623;0,539;0,350;1,284;0,401;0,296;0,513;0,185;0,167;0,378;0,219;0,114;0,294;0,105;0,379;0,083;0,199;0,400;1,058;0,487;0,253;0,146;0,546;0,000;0,000;0,429;0,103;0,338;0,000;0,102;0,087;0,090;0,063;0,192;0,220;0,125;0,000;0,172;0,489;0,475;0,000;0,758;0,173;0,811;0,237;0,115;0,000;0,000;0,274;0,086;0,080;0,000;0,204;0,172;1,071;0,412;0,525;0,659;0,000;0,103;0,000;0,170;0,000;0,498;0,155;0,132;0,349;0,468;0,000;0,082;0,445;0,326;0,072;0,281;0,419;0,204;0,096;0,165;0,277;0,569;0,463;0,188;0,210;0,233;0,083;0,000;0,000;0,321;0,411;0,000;0,000;0,000;0,000;0,150;0,747;0,081;0,196;0,000;0,000;0,537;0,139;0,092
2020q2;0,092;0,447;0,110;0,186;0,045;0,078;0,128;0,477;0,066;0,262;0,325;0,249;0,159;0,000;0,190;0,198;0,062;0,817;0,102;0,240;0,299;0,138;1,232;0,260;0,320;0,328;0,055;0,213;0,414;0,416;0,117;0,347;0,448;0,530;0,280;0,531;0,560;0,316;0,000;0,406;0,203;0,481;0,352;0,224;0,730;0,101;0,300;0,394;0,066;0,136;0,385;0,079;0,366;0,394;0,080;0,312;0,256;0,063;0,103;0,459;0,208;0,182;0,079;0,397;0,289;0,000;0,050;0,145;0,452;0,072;0,068;0,000;0,157;0,108;0,196;0,330;0,323;0,079;0,268;0,300;0,284;0,387;0,406;0,351;0,232;0,115;0,103;0,000;0,101;0,490;0,060;0,393;0,062;0,392;0,105;0,388;0,154;0,479;0,562;0,049;0,000;0,000;0,056;0,061;0,060;0,083;0,000;0,219;0,480;0,366;0,156;0,332;0,000;0,062;0,047;0,424;0,209;0,056;0,315;0,365;0,066;0,257;0,642;0,297;0,125;0,068;0,113;0,089;0,332;0,090;0,332;0,412;0,347;0,058;0,287;0,331;0,103;0,000;0,000;0,178;0,642;0,404;0,185
2020q3;0,141;0,493;0,149;0,164;0,185;0,125;0,370;0,350;0,240;0,868;0,266;0,431;0,698;0,069;0,302;0,498;0,127;0,654;0,221;0,648;0,799;0,108;0,751;0,407;0,235;0,570;0,608;0,666;0,587;0,264;0,131;0,335;0,482;0,381;0,216;0,329;0,721;0,128;0,778;0,239;0,342;0,398;0,250;0,488;0,978;0,300;0,375;0,725;0,354;0,659;0,379;0,262;0,434;0,176;0,241;0,231;0,303;0,059;0,098;0,331;0,216;0,179;0,259;0,309;0,150;0,000;0,267;0,303;0,440;0,121;0,239;0,047;0,115;0,109;0,256;0,675;0,219;0,066;0,619;0,313;0,218;0,388;0,329;0,674;0,256;0,278;0,663;0,054;0,221;0,406;0,555;0,635;0,209;0,690;0,667;0,310;0,196;0,379;0,297;0,080;0,281;0,063;0,078;0,248;0,261;0,102;0,086;0,535;0,317;0,223;0,188;0,398;0,252;0,663;0,170;0,347;0,328;0,102;0,589;0,100;0,264;0,209;0,422;0,745;0,501;0,122;0,170;0,105;0,302;0,258;0,083;0,462;0,527;0,290;0,248;0,183;0,331;0,145;0,069;0,254;0,515;0,525;0,294
2020q4;0,288;0,000;0,197;0,065;0,193;0,217;0,374;0,158;0,000;0,592;0,221;0,659;0,456;0,214;0,156;0,226;0,333;0,189;0,136;0,456;0,151;0,201;0,611;0,543;0,297;0,084;0,377;0,398;0,211;0,084;0,074;0,344;0,134;0,265;0,200;0,360;0,604;0,193;0,361;0,076;0,551;0,320;0,219;0,659;0,502;0,157;0,207;0,249;0,721;0,524;0,398;0,079;0,321;0,234;0,000;0,489;0,106;0,127;0,060;0,220;0,333;0,094;0,242;0,063;0,115;0,000;0,244;0,095;0,263;0,790;0,219;0,216;0,080;0,317;0,209;0,068;0,141;0,097;0,468;0,187;0,293;0,000;0,312;0,176;0,301;0,264;0,676;0,232;0,116;0,195;0,611;0,170;0,317;0,000;0,412;0,195;0,083;0,160;0,369;0,206;0,100;0,000;0,078;0,241;0,540;0,522;0,231;0,241;0,368;0,217;0,089;0,178;0,056;0,492;0,159;0,252;0,736;0,271;0,186;0,298;0,119;0,262;0,256;0,069;0,498;0,071;0,072;0,219;0,083;0,056;0,000;0,000;0,106;0,230;0,212;0,218;0,076;0,000;0,155;0,213;0,136;0,093;0,477
2021q1;0,091;0,201;0,060;0,194;0,062;0,059;0,217;0,149;0,000;0,088;0,201;0,232;0,062;0,000;0,143;0,197;0,260;0,192;0,119;0,286;0,237;0,118;0,684;0,742;0,084;0,324;0,000;0,193;0,215;0,075;0,121;0,373;0,108;0,168;0,080;0,194;0,681;0,151;0,214;0,163;0,051;0,182;0,161;0,000;0,442;0,104;0,286;0,273;0,150;0,136;0,267;0,093;0,257;0,107;0,126;0,328;0,303;0,071;0,062;0,404;0,524;0,319;0,174;0,171;0,104;0,000;0,062;0,000;0,284;0,574;0,123;0,000;0,205;0,062;0,105;0,348;0,207;0,000;0,000;0,114;0,252;0,000;0,411;0,315;0,230;0,446;0,264;0,486;0,114;0,251;0,109;0,269;0,216;0,230;0,060;0,400;0,288;0,197;0,355;0,338;0,000;0,070;0,000;0,000;0,837;0,297;0,530;0,093;0,130;0,129;0,065;0,199;0,112;0,147;0,089;0,186;0,058;0,080;0,214;0,000;0,270;0,270;0,132;0,183;0,000;0,000;0,077;0,000;0,521;0,177;0,000;0,000;0,097;0,000;0,000;0,000;0,054;0,000;0,000;0,000;0,266;0,143;0,042
2021q2;0,229;0,000;0,049;0,401;0,073;0,115;0,310;0,066;0,090;0,252;0,111;0,207;0,226;0,385;0,085;0,182;0,238;0,128;0,253;0,183;0,073;0,142;0,674;1,140;0,173;0,166;0,257;0,336;0,106;0,074;0,209;0,373;0,140;0,203;0,318;0,395;0,086;0,226;0,074;0,189;0,334;0,315;0,197;0,249;0,422;0,431;0,226;0,184;0,135;0,436;0,261;0,128;0,448;0,336;0,117;0,418;0,304;0,133;0,050;0,263;0,448;0,331;0,237;0,056;0,080;0,048;0,054;0,251;0,340;0,388;0,291;0,073;0,227;0,195;0,389;0,129;0,219;0,000;0,283;0,142;0,097;0,377;0,464;0,063;0,533;0,345;0,337;0,182;0,220;0,172;0,237;0,055;0,222;0,050;0,320;0,236;0,324;0,163;0,343;0,349;0,000;0,378;0,000;0,000;0,679;0,404;0,112;0,391;0,194;0,086;0,340;0,285;0,189;0,372;0,176;0,200;0,223;0,336;0,068;0,223;0,180;0,124;0,115;0,441;0,228;0,183;0,133;0,060;0,593;0,227;0,070;0,000;0,180;0,251;0,082;0,113;0,170;0,000;0,168;0,000;0,389;0,038;0,249
2021q3;0,315;0,159;0,167;0,211;0,073;0,493;0,358;0,088;0,225;0,000;0,087;0,114;0,087;0,620;0,180;0,489;0,517;0,140;0,264;0,000;0,074;0,241;0,598;0,825;0,198;0,097;0,174;0,062;0,181;0,846;0,433;0,228;0,174;0,127;0,335;0,090;0,187;0,060;0,000;0,124;0,110;0,247;0,189;0,000;0,633;0,176;0,218;0,373;0,000;0,081;0,311;0,254;0,365;0,258;0,362;0,511;0,289;0,153;0,067;0,285;0,222;0,000;0,060;0,147;0,000;0,222;0,124;0,156;0,283;0,666;0,195;0,228;0,273;0,149;0,000;0,165;0,285;0,125;0,000;0,302;0,223;0,090;0,518;0,288;0,475;0,480;0,346;0,196;0,000;0,112;0,111;0,088;0,728;0,061;0,142;0,596;0,628;0,082;0,439;1,198;0,104;0,000;0,185;0,227;0,730;0,235;0,193;0,169;0,105;0,000;0,000;0,579;0,146;0,086;0,200;0,142;0,119;0,239;0,079;0,403;0,098;0,207;0,088;0,206;0,075;0,420;0,380;0,367;0,315;0,356;0,207;0,119;0,109;0,102;0,227;0,155;0,355;0,000;0,087;0,398;0,389;0,121;0,000
2021q4;0,000;0,084;0,206;0,364;0,177;0,247;0,135;0,062;0,103;0,000;0,082;0,055;0,000;0,000;0,267;0,466;0,295;0,320;0,367;0,062;0,000;0,000;0,631;1,023;0,259;0,136;0,000;0,122;0,000;0,501;0,294;0,265;0,058;0,232;0,311;0,110;0,181;0,061;0,000;0,062;0,048;0,355;0,097;0,000;0,592;0,440;0,102;1,028;0,067;0,000;0,714;0,114;0,425;0,285;0,185;0,415;0,293;0,148;0,065;0,657;0,236;0,273;0,053;0,170;0,072;0,072;0,119;0,377;0,477;0,305;0,474;0,150;0,040;0,216;0,154;0,239;0,114;0,326;0,060;0,329;0,210;0,198;0,295;0,082;0,409;0,551;0,195;0,339;0,231;0,062;0,061;0,000;0,372;0,109;0,000;0,278;0,320;0,155;0,663;0,649;0,380;0,000;0,105;0,446;0,756;0,418;0,206;0,332;0,275;0,114;0,210;0,536;0,069;0,000;0,054;0,273;0,053;0,314;0,087;0,527;0,547;0,245;0,000;0,211;0,056;0,231;0,289;0,265;0,136;0,355;0,225;0,075;0,197;0,446;0,188;0,121;0,353;0,250;0,000;0,069;0,437;0,070;0,131
2022q1;0,000;0,150;0,164;0,134;0,257;0,247;0,251;0,306;0,160;0,000;0,287;0,055;0,091;0,103;0,244;0,218;0,244;0,347;0,658;0,062;0,000;0,367;0,486;0,921;0,306;0,000;0,000;0,124;0,000;1,107;0,517;0,198;0,222;0,192;0,322;0,140;0,000;0,161;0,000;0,225;0,103;0,295;0,277;0,000;0,459;0,281;0,080;0,450;0,166;0,000;0,249;0,333;0,068;0,222;0,344;0,469;0,107;0,180;0,237;0,517;0,166;0,099;0,239;0,306;0,069;0,064;0,123;0,454;0,429;0,239;0,328;0,220;0,041;0,149;0,259;0,126;0,224;0,257;0,184;0,296;0,179;0,096;0,272;0,061;0,357;0,514;0,142;0,409;0,169;0,000;0,055;0,000;0,141;0,000;0,051;0,290;0,000;0,246;0,231;0,420;0,226;0,164;0,000;0,374;0,835;0,321;0,209;0,157;0,300;0,081;0,118;0,181;0,222;0,000;0,297;0,222;0,105;0,412;0,059;0,709;0,194;0,237;0,077;0,000;0,110;0,165;0,284;0,266;0,352;0,356;0,061;0,099;0,087;0,156;0,119;0,199;0,295;0,425;0,082;0,055;0,579;0,000;0,314
2022q2;0,000;0,169;0,123;0,066;0,077;0,211;0,280;0,240;0,333;0,278;0,362;0,062;0,294;0,000;0,325;0,090;0,128;0,000;0,811;0,210;0,177;0,122;0,550;1,297;0,521;0,062;0,179;0,264;0,185;0,980;0,237;0,171;0,378;0,178;0,000;0,000;0,000;0,187;0,204;0,336;0,178;0,391;0,278;0,226;0,150;0,077;0,000;0,474;0,196;0,336;0,156;0,120;0,089;0,314;0,136;0,565;0,058;0,218;0,206;0,450;0,279;0,422;0,180;0,316;0,385;0,197;0,269;0,302;0,628;0,291;0,267;0,190;0,079;0,370;0,583;0,196;0,262;0,207;0,210;0,283;0,406;0,097;0,121;0,211;0,406;0,117;0,414;0,115;0,376;0,138;0,248;0,180;0,135;0,368;0,142;0,233;0,124;0,196;0,309;0,532;0,259;0,105;0,273;0,000;0,669;0,330;0,352;0,257;0,371;0,288;0,071;0,207;0,290;0,278;0,253;0,185;0,194;0,192;0,164;0,485;0,368;0,290;0,170;0,169;0,217;0,356;0,217;0,287;0,260;0,241;0,369;0,114;0,320;0,063;0,483;0,171;0,130;0,128;0,290;0,158;0,503;0,129;0,227
2022q3;0,000;0,094;0,318;0,000;0,147;0,160;0,063;0,318;0,241;0,105;0,471;0,000;0,460;0,000;0,449;0,440;0,073;0,000;0,610;0,000;0,000;0,152;0,638;1,321;0,299;0,176;0,054;0,092;0,064;0,954;0,000;0,153;0,299;0,307;0,157;0,077;0,000;0,000;0,109;0,470;0,124;0,312;0,326;0,000;0,330;0,144;0,279;0,271;0,000;0,000;0,258;0,000;0,000;0,000;0,274;0,463;0,255;0,068;0,067;0,543;0,282;0,104;0,154;0,309;0,000;0,110;0,115;0,279;0,426;0,388;0,190;0,077;0,237;0,000;0,113;0,000;0,262;0,172;0,000;0,000;0,352;0,000;0,220;0,000;0,364;0,213;0,319;0,551;0,074;0,000;0,000;0,000;0,119;0,160;0,111;0,073;0,000;0,236;0,399;0,203;0,083;0,000;0,342;0,359;0,936;0,000;0,198;0,211;0,406;0,000;0,000;0,362;0,341;0,186;0,232;0,313;0,000;0,235;0,000;0,404;0,341;0,339;0,449;0,000;0,090;0,117;0,268;0,099;0,266;0,288;0,168;0,099;0,426;0,000;0,091;0,171;0,342;0,137;0,000;0,154;0,231;0,000;0,627
2022q4;0,403;0,272;0,302;0,120;0,198;0,000;0,181;0,230;0,197;0,305;0,321;0,137;0,434;0,534;0,374;0,340;0,218;0,100;0,469;0,282;0,322;0,206;0,430;0,644;0,383;0,307;0,229;0,174;0,313;0,347;0,000;0,112;0,313;0,347;0,000;0,171;0,000;0,193;0,342;0,261;0,124;0,436;0,222;0,353;0,177;0,330;0,165;0,561;0,281;0,079;0,207;0,207;0,181;0,000;0,375;0,000;0,164;0,226;0,254;0,589;0,289;0,277;0,232;0,355;0,000;0,185;0,298;0,334;0,266;0,421;0,232;0,230;0,163;0,146;0,484;0,343;0,476;0,097;0,082;0,279;0,352;0,433;0,240;0,300;0,331;0,544;0,644;0,081;0,110;0,000;0,356;0,363;0,256;0,129;0,345;0,000;0,085;0,166;0,285;0,409;0,260;0,272;0,182;0,000;0,588;0,061;0,395;0,197;0,340;0,000;0,134;0,295;0,375;0,374;0,211;0,570;0,332;0,295;0,522;0,334;0,318;0,344;0,267;0,289;0,205;0,281;0,353;0,486;0,516;0,389;0,273;0,000;0,458;0,382;0,081;0,166;0,161;0,096;0,088;0,174;0,551;0,374;0,476
2023q1;0,136;0,177;0,220;0,000;0,311;0,000;0,148;0,294;0,115;0,000;0,355;0,274;0,175;0,000;0,318;0,192;0,164;0,000;0,331;0,000;0,082;0,137;0,566;0,760;0,208;0,060;0,073;0,321;0,000;0,122;0,000;0,047;0,209;0,461;0,079;0,000;0,000;0,086;0,000;0,162;0,444;0,461;0,212;0,000;0,444;0,301;0,196;0,389;0,000;0,284;0,134;0,075;0,000;0,000;0,248;0,000;0,000;0,141;0,268;0,295;0,152;0,070;0,383;0,250;0,000;0,104;0,121;0,442;0,096;0,413;0,373;0,145;0,444;0,000;0,065;0,000;0,317;0,230;0,416;0,344;0,414;0,105;0,514;0,087;0,211;0,260;0,366;0,243;0,137;0,000;0,000;0,000;0,105;0,364;0,000;0,000;0,075;0,169;0,554;0,305;0,149;0,064;0,281;0,000;0,076;0,082;0,241;0,186;0,358;0,077;0,000;0,121;0,435;0,181;0,298;0,298;0,263;0,198;0,000;0,405;0,315;0,425;0,254;0,000;0,339;0,183;0,338;0,121;0,224;0,501;0,067;0,000;0,385;0,299;0,000;0,372;0,318;0,102;0,000;0,411;0,373;0,063;0,615
2023q2;0,395;0,176;0,194;0,066;0,139;0,328;0,071;0,510;0,266;0,144;0,286;0,157;0,262;0,138;0,225;0,259;0,393;0,000;0,141;0,106;0,117;0,261;0,553;0,796;0,241;0,154;0,109;0,217;0,213;0,116;0,000;0,000;0,191;0,318;0,000;0,080;1,050;0,190;0,174;0,280;0,331;0,394;0,069;0,220;0,294;0,276;0,362;0,379;0,127;0,398;0,120;0,571;0,000;0,000;0,206;0,000;0,000;0,241;0,188;0,482;0,155;0,262;0,138;0,140;0,075;0,223;0,178;0,246;0,124;0,466;0,335;0,248;0,440;0,234;0,090;0,304;0,594;0,206;0,329;0,000;0,266;0,100;0,315;0,143;0,220;0,314;0,431;0,103;0,267;0,000;0,136;0,145;0,112;0,275;0,136;0,072;0,130;0,228;0,431;0,647;0,462;0,162;0,224;0,150;0,142;0,087;0,201;0,146;0,000;0,130;0,108;0,104;0,368;0,204;0,208;0,326;0,210;0,165;0,150;0,476;0,000;0,389;0,298;0,107;0,390;0,146;0,366;0,543;0,149;0,582;0,106;0,000;0,186;0,475;0,142;0,585;0,198;0,124;0,000;0,264;0,364;0,436;0,816
2023q3;0,300;0,277;0,064;0,000;0,309;0,110;0,078;0,293;0,000;0,318;0,137;0,267;0,640;0,289;0,085;0,094;0,175;0,000;0,067;0,348;0,470;0,075;0,365;1,016;0,337;0,357;0,254;0,114;0,286;0,222;0,000;0,000;0,063;0,033;0,000;0,000;0,817;0,234;0,395;0,697;0,225;0,091;0,055;0,349;0,150;0,232;0,422;0,455;0,349;0,122;0,000;0,366;0,079;0,092;0,040;0,000;0,000;0,138;0,169;0,176;0,099;0,342;0,158;0,062;0,000;0,082;0,062;0,215;0,090;0,419;0,221;0,081;0,187;0,276;0,000;0,473;0,569;0,469;0,282;0,034;0,000;0,109;0,180;0,393;0,148;0,077;0,831;0,271;0,191;0,000;0,283;0,427;0,176;0,124;0,406;0,000;0,000;0,000;0,183;0,636;0,120;0,126;0,345;0,266;0,425;0,173;0,000;0,158;0,138;0,000;0,000;0,087;0,144;0,369;0,071;0,420;0,451;0,251;0,358;0,571;0,158;0,232;0,000;0,349;0,186;0,351;0,532;0,196;0,317;0,542;0,080;0,000;0,381;0,188;0,000;0,183;0,105;0,105;0,167;0,319;0,279;0,379;0,353
2023q4;0,213;0,000;0,000;0,000;0,798;0,000;0,000;0,225;0,000;0,000;0,133;0,000;0,381;0,203;0,074;0,000;0,597;0,184;0,195;0,000;0,196;0,155;0,180;0,697;0,063;0,000;0,000;0,192;0,000;0,069;0,000;0,000;0,059;0,000;0,000;0,000;0,667;0,062;0,000;0,495;0,188;0,073;0,055;1,159;0,224;0,197;0,542;0,209;0,000;0,206;0,140;0,190;0,136;0,177;0,000;0,000;0,073;0,080;0,000;0,352;0,327;0,000;0,197;0,000;0,000;0,000;0,000;0,222;0,099;0,612;0,198;0,000;0,000;0,000;0,174;0,422;0,199;0,392;0,199;0,000;0,000;0,208;0,196;0,000;0,226;0,000;0,999;0,193;0,234;0,000;0,000;0,000;0,000;0,000;0,199;0,132;0,000;0,074;0,138;0,838;0,000;0,000;0,276;1,395;0,338;0,000;0,000;0,200;0,000;0,000;0,000;0,223;0,133;0,200;0,071;0,235;0,207;0,139;0,599;0,274;0,222;0,268;0,075;0,488;0,201;0,074;0,000;0,207;0,607;0,426;0,203;0,000;0,207;0,231;0,000;0,328;0,000;0,134;0,000;0,365;0,348;0,000;0,381
2024q1;0,000;0,000;0,000;0,000;0,605;0,000;0,000;0,302;0,000;0,000;0,145;0,000;0,391;0,000;0,000;0,000;0,404;0,000;0,000;0,203;0,190;0,205;0,151;0,397;0,066;0,000;0,000;0,384;0,000;0,130;0,000;0,000;0,066;0,000;0,000;0,000;0,815;0,000;0,000;0,279;0,187;0,000;0,000;0,580;0,451;0,392;0,521;0,392;0,000;0,196;0,156;0,000;0,068;0,172;0,000;0,000;0,076;0,211;0,000;0,333;0,264;0,000;0,186;0,069;0,000;0,000;0,000;0,226;0,103;0,599;0,195;0,000;0,095;0,000;0,343;0,393;0,197;0,293;0,000;0,110;0,000;0,102;0,202;0,000;0,142;0,000;0,961;0,183;0,239;0,000;0,000;0,000;0,138;0,000;0,196;0,132;0,000;0,138;0,070;0,829;0,000;0,000;0,204;0,692;0,337;0,000;0,000;0,000;0,457;0,192;0,000;0,298;0,000;0,196;0,000;0,117;0,194;0,068;0,582;0,271;0,219;0,266;0,074;0,337;0,203;0,000;0,000;0,202;0,503;0,393;0,136;0,202;0,193;0,225;0,000;0,329;0,000;0,133;0,000;0,715;0,467;0,000;0,371
2024q2;0,000;0,000;0,000;0,000;0,528;0,000;0,000;0,310;0,000;0,000;0,147;0,000;0,192;0,000;0,075;0,000;0,422;0,370;0,067;0,000;0,193;0,135;0,247;0,401;0,064;0,000;0,000;0,198;0,000;0,194;0,000;0,000;0,132;0,000;0,000;0,000;1,094;0,128;0,000;0,277;0,185;0,000;0,000;0,575;0,351;0,193;0,533;0,000;0,000;0,199;0,137;0,000;0,067;0,174;0,000;0,192;0,068;0,207;0,065;0,328;0,331;0,000;0,265;0,138;0,000;0,000;0,000;0,148;0,185;0,392;0,194;0,000;0,091;0,000;0,167;0,197;0,198;0,194;0,000;0,000;0,000;0,199;0,200;0,000;0,137;0,000;0,770;0,189;0,000;0,000;0,000;0,000;0,070;0,000;0,391;0,131;0,000;0,218;0,070;0,427;0,070;0,000;0,134;0,000;0,269;0,000;0,000;0,000;0,223;0,194;0,000;0,232;0,000;0,197;0,000;0,115;0,000;0,000;0,581;0,451;0,219;0,089;0,073;0,167;0,000;0,068;0,000;0,203;0,392;0,451;0,137;0,000;0,196;0,224;0,000;0,266;0,000;0,197;0,000;0,711;0,603;0,000;0,368
2024q3;0,000;0,000;0,000;0,070;0,394;0,000;0,000;0,295;0,000;0,000;0,286;0,000;0,386;0,696;0,075;0,000;0,413;0,000;0,066;0,203;0,192;0,199;0,445;0,401;0,063;0,000;0,000;0,197;0,000;0,318;0,000;0,000;0,327;0,000;0,000;0,000;1,026;0,000;0,000;0,343;0,181;0,000;0,375;0,581;0,263;0,194;0,353;0,000;0,000;0,195;0,137;0,000;0,135;0,174;0,000;0,000;0,068;0,208;0,130;0,392;0,316;0,170;0,199;0,208;0,000;0,000;0,000;0,074;0,314;0,402;0,193;0,127;0,092;0,000;0,175;0,198;0,097;0,202;0,000;0,000;0,000;0,097;0,391;0,000;0,205;0,000;0,580;0,187;0,228;0,000;0,000;0,000;0,206;0,000;0,552;0,196;0,000;0,281;0,071;0,602;0,139;0,000;0,198;0,000;0,215;0,000;0,000;0,066;0,385;0,196;0,000;0,219;0,000;0,000;0,000;0,000;0,000;0,136;0,398;0,275;0,221;0,266;0,072;0,165;0,000;0,134;0,000;0,212;0,577;0,259;0,135;0,000;0,000;0,243;0,000;0,282;0,000;0,611;0,136;0,705;0,592;0,000;0,909
2024q4;0,000;0,175;0,000;0,137;0,351;0,000;0,072;0,230;0,000;0,000;0,462;0,000;0,206;1,669;0,268;0,000;0,666;0,216;0,274;0,235;0,207;0,276;0,566;0,989;0,064;0,000;0,353;0,207;0,000;0,719;0,000;0,080;0,624;0,101;0,000;0,000;0,974;0,070;0,000;0,434;0,189;0,000;0,397;0,597;0,353;0,222;0,193;0,168;0,000;0,205;0,086;0,000;0,088;0,582;0,105;0,000;0,078;0,220;0,070;0,450;0,350;0,173;0,269;0,138;0,000;0,000;0,135;0,084;0,559;0,222;0,000;0,130;0,093;0,000;0,396;0,202;0,114;0,098;0,000;0,000;0,000;0,117;0,473;0,000;0,428;0,000;0,779;0,197;0,215;0,000;0,000;0,000;0,428;0,000;0,377;0,236;0,000;0,435;0,083;0,917;0,197;0,196;0,234;0,424;0,337;0,169;0,416;0,072;0,523;0,000;0,000;0,348;0,000;0,000;0,067;0,129;0,000;0,157;0,410;0,543;0,167;0,204;0,075;0,158;0,000;0,239;0,000;0,212;1,109;0,392;0,204;0,000;0,000;0,212;0,000;0,332;0,000;0,377;0,153;1,240;0,869;0,000;0,776
2025q1;0,200;0,194;0,000;0,199;0,284;0,235;0,070;0,343;0,000;0,000;0,580;0,000;0,153;1,492;0,256;0,000;0,737;0,193;0,633;0,000;0,225;0,679;0,831;1,160;0,071;0,171;0,306;0,219;0,000;0,612;0,000;0,157;0,649;0,183;0,124;0,000;1,167;0,148;0,000;0,566;0,687;0,000;0,417;0,333;0,502;0,417;0,332;0,351;0,000;0,238;0,506;0,405;0,160;0,601;0,000;0,244;0,000;0,517;0,216;0,447;0,257;0,000;0,260;0,149;0,000;0,000;0,414;0,095;0,684;0,531;0,198;0,356;0,316;0,520;0,310;0,396;0,096;0,408;0,000;0,000;0,000;0,212;0,380;0,000;0,468;0,000;0,537;0,000;0,249;0,000;0,000;0,000;0,254;0,501;0,145;0,227;0,202;0,565;0,268;1,504;0,296;0,373;0,207;0,191;0,490;0,247;0,535;0,148;0,407;0,835;0,000;0,731;0,213;0,000;0,000;0,114;0,000;0,175;0,528;0,878;0,480;0,273;0,176;0,149;0,235;0,332;0,000;0,000;1,091;0,421;0,124;0,362;0,156;0,265;0,000;0,900;0,000;0,691;0,358;0,581;1,049;0,000;0,913
2025q2;0,189;0,415;0,201;0,583;0,321;0,000;0,076;0,647;0,107;0,000;0,786;0,198;0,261;2,089;0,548;0,374;0,946;0,389;1,078;0,419;0,212;0,916;1,792;0,863;0,162;0,305;0,675;0,525;0,290;0,817;0,131;0,249;0,874;0,324;0,723;0,204;1,410;0,364;0,000;0,768;0,458;0,487;1,170;0,447;0,960;0,413;0,275;0,140;0,466;0,528;0,767;0,167;0,328;1,178;0,357;0,000;0,247;1,100;0,429;1,152;0,847;0,000;0,853;0,760;0,000;0,132;0,602;0,268;0,370;0,893;0,543;0,459;0,404;0,517;0,437;0,708;0,234;0,487;0,208;0,135;0,231;0,474;0,704;0,000;0,946;0,549;0,866;0,155;0,746;0,000;0,000;0,000;0,658;0,436;0,408;0,493;0,000;0,614;0,322;1,739;0,187;0,660;0,382;0,524;0,476;0,503;0,537;0,228;0,736;1,219;0,328;0,793;0,078;0,000;0,137;0,114;0,342;0,182;0,320;0,969;0,389;0,733;0,393;0,279;0,380;0,691;0,897;0,222;1,217;0,469;0,234;0,860;0,162;0,278;0,362;1,446;0,202;0,697;0,587;0,332;1,126;0,195;1,034
2025q3;0,000;0,191;0,000;0,779;0,863;0,000;0,171;1,065;0,362;0,000;1,251;0,195;0,272;3,583;0,567;0,000;0,933;0,376;1,153;0,228;0,205;1,366;1,433;1,539;0,397;0,324;0,571;0,301;0,298;0,827;0,000;0,564;1,074;0,687;0,990;0,121;1,118;0,239;0,000;0,808;0,313;1,003;1,155;0,491;0,849;0,219;0,000;0,140;0,159;0,573;0,699;0,349;0,575;1,015;1,060;0,000;0,247;1,209;0,473;0,717;1,055;0,150;0,984;0,688;0,220;0,306;1,213;0,269;0,114;1,075;0,388;0,172;0,545;0,390;0,595;0,208;0,182;0,693;0,000;0,437;0,241;0,485;0,195;0,000;1,272;0,721;1,227;0,000;0,803;0,000;0,000;0,000;1,065;1,348;0,460;0,254;0,193;1,153;0,351;2,029;0,223;0,659;0,588;0,186;0,950;0,500;0,656;0,180;0,967;1,177;0,230;0,659;0,246;0,000;0,149;0,221;0,377;0,500;0,157;0,863;0,575;0,897;0,538;0,288;0,398;0,914;0,869;0,428;1,226;0,604;0,713;0,315;0,481;0,279;0,186;2,046;0,000;0,316;0,695;0,354;0,821;0,242;0,988