year,quarter,period,bank_group,country_region,Trade_Finance
2015,2,2015Q2,All Others,ANGUILLA,1.0
2015,2,2015Q2,All Others,ARGENTINA,6.0
2015,2,2015Q2,All Others,BRAZIL,537.0
2015,2,2015Q2,All Others,CHILE,33.0
2015,2,2015Q2,All Others,COLOMBIA,42.0
2015,2,2015Q2,All Others,COSTA RICA,52.0
2015,2,2015Q2,All Others,DOMINICAN REPUBLIC,48.0
2015,2,2015Q2,All Others,ECUADOR,4.0
2015,2,2015Q2,All Others,EL SALVADOR,27.0
2015,2,2015Q2,All Others,GUATEMALA,130.0
2015,2,2015Q2,All Others,HONDURAS,20.0
2015,2,2015Q2,All Others,MEXICO,285.0
2015,2,2015Q2,All Others,PERU,94.0
2015,2,2015Q2,All Others,URUGUAY,1.0
2015,2,2015Q2,All Others,VENEZUELA,34.0
2015,2,2015Q2,All Others,BAHAMAS,1.0
2015,2,2015Q2,All Others,CAYMAN ISLANDS,22.0
2015,2,2015Q2,All Others,PANAMA,57.0
2015,2,2015Q2,LFI,ANGUILLA,0.0
2015,2,2015Q2,LFI,ARGENTINA,279.0
2015,2,2015Q2,LFI,BRAZIL,9655.0
2015,2,2015Q2,LFI,CHILE,2312.0
2015,2,2015Q2,LFI,COLOMBIA,1562.0
2015,2,2015Q2,LFI,COSTA RICA,242.0
2015,2,2015Q2,LFI,DOMINICAN REPUBLIC,391.0
2015,2,2015Q2,LFI,ECUADOR,172.0
2015,2,2015Q2,LFI,EL SALVADOR,263.0
2015,2,2015Q2,LFI,GUATEMALA,871.0
2015,2,2015Q2,LFI,HONDURAS,109.0
2015,2,2015Q2,LFI,MEXICO,1432.0
2015,2,2015Q2,LFI,PERU,1037.0
2015,2,2015Q2,LFI,URUGUAY,110.0
2015,2,2015Q2,LFI,VENEZUELA,14.0
2015,2,2015Q2,LFI,BAHAMAS,17.0
2015,2,2015Q2,LFI,CAYMAN ISLANDS,183.0
2015,2,2015Q2,LFI,PANAMA,245.0
2015,2,2015Q2,All Banks,ANGUILLA,1.0
2015,2,2015Q2,All Banks,ARGENTINA,285.0
2015,2,2015Q2,All Banks,BRAZIL,10192.0
2015,2,2015Q2,All Banks,CHILE,2345.0
2015,2,2015Q2,All Banks,COLOMBIA,1604.0
2015,2,2015Q2,All Banks,COSTA RICA,294.0
2015,2,2015Q2,All Banks,DOMINICAN REPUBLIC,439.0
2015,2,2015Q2,All Banks,ECUADOR,176.0
2015,2,2015Q2,All Banks,EL SALVADOR,290.0
2015,2,2015Q2,All Banks,GUATEMALA,1001.0
2015,2,2015Q2,All Banks,HONDURAS,129.0
2015,2,2015Q2,All Banks,MEXICO,1717.0
2015,2,2015Q2,All Banks,PERU,1131.0
2015,2,2015Q2,All Banks,URUGUAY,111.0
2015,2,2015Q2,All Banks,VENEZUELA,48.0
2015,2,2015Q2,All Banks,BAHAMAS,18.0
2015,2,2015Q2,All Banks,CAYMAN ISLANDS,205.0
2015,2,2015Q2,All Banks,PANAMA,302.0
2015,3,2015Q3,All Others,ANGUILLA,1.0
2015,3,2015Q3,All Others,ARGENTINA,4.0
2015,3,2015Q3,All Others,BRAZIL,536.0
2015,3,2015Q3,All Others,CHILE,8.0
2015,3,2015Q3,All Others,COLOMBIA,3.0
2015,3,2015Q3,All Others,COSTA RICA,29.0
2015,3,2015Q3,All Others,DOMINICAN REPUBLIC,30.0
2015,3,2015Q3,All Others,ECUADOR,16.0
2015,3,2015Q3,All Others,EL SALVADOR,29.0
2015,3,2015Q3,All Others,GUATEMALA,138.0
2015,3,2015Q3,All Others,HONDURAS,14.0
2015,3,2015Q3,All Others,MEXICO,256.0
2015,3,2015Q3,All Others,PERU,48.0
2015,3,2015Q3,All Others,URUGUAY,1.0
2015,3,2015Q3,All Others,VENEZUELA,4.0
2015,3,2015Q3,All Others,BAHAMAS,0.0
2015,3,2015Q3,All Others,CAYMAN ISLANDS,23.0
2015,3,2015Q3,All Others,PANAMA,61.0
2015,3,2015Q3,LFI,ANGUILLA,0.0
2015,3,2015Q3,LFI,ARGENTINA,339.0
2015,3,2015Q3,LFI,BRAZIL,9571.0
2015,3,2015Q3,LFI,CHILE,2772.0
2015,3,2015Q3,LFI,COLOMBIA,1531.0
2015,3,2015Q3,LFI,COSTA RICA,211.0
2015,3,2015Q3,LFI,DOMINICAN REPUBLIC,419.0
2015,3,2015Q3,LFI,ECUADOR,109.0
2015,3,2015Q3,LFI,EL SALVADOR,246.0
2015,3,2015Q3,LFI,GUATEMALA,861.0
2015,3,2015Q3,LFI,HONDURAS,100.0
2015,3,2015Q3,LFI,MEXICO,1225.0
2015,3,2015Q3,LFI,PERU,975.0
2015,3,2015Q3,LFI,URUGUAY,79.0
2015,3,2015Q3,LFI,VENEZUELA,11.0
2015,3,2015Q3,LFI,BAHAMAS,14.0
2015,3,2015Q3,LFI,CAYMAN ISLANDS,152.0
2015,3,2015Q3,LFI,PANAMA,294.0
2015,3,2015Q3,All Banks,ANGUILLA,1.0
2015,3,2015Q3,All Banks,ARGENTINA,343.0
2015,3,2015Q3,All Banks,BRAZIL,10107.0
2015,3,2015Q3,All Banks,CHILE,2780.0
2015,3,2015Q3,All Banks,COLOMBIA,1534.0
2015,3,2015Q3,All Banks,COSTA RICA,240.0
2015,3,2015Q3,All Banks,DOMINICAN REPUBLIC,449.0
2015,3,2015Q3,All Banks,ECUADOR,125.0
2015,3,2015Q3,All Banks,EL SALVADOR,275.0
2015,3,2015Q3,All Banks,GUATEMALA,999.0
2015,3,2015Q3,All Banks,HONDURAS,114.0
2015,3,2015Q3,All Banks,MEXICO,1481.0
2015,3,2015Q3,All Banks,PERU,1023.0
2015,3,2015Q3,All Banks,URUGUAY,80.0
2015,3,2015Q3,All Banks,VENEZUELA,15.0
2015,3,2015Q3,All Banks,BAHAMAS,14.0
2015,3,2015Q3,All Banks,CAYMAN ISLANDS,175.0
2015,3,2015Q3,All Banks,PANAMA,355.0
2015,4,2015Q4,All Others,ANGUILLA,1.0
2015,4,2015Q4,All Others,ARGENTINA,5.0
2015,4,2015Q4,All Others,BRAZIL,489.0
2015,4,2015Q4,All Others,CHILE,17.0
2015,4,2015Q4,All Others,COLOMBIA,31.0
2015,4,2015Q4,All Others,COSTA RICA,46.0
2015,4,2015Q4,All Others,DOMINICAN REPUBLIC,30.0
2015,4,2015Q4,All Others,ECUADOR,12.0
2015,4,2015Q4,All Others,EL SALVADOR,26.0
2015,4,2015Q4,All Others,GUATEMALA,149.0
2015,4,2015Q4,All Others,HONDURAS,15.0
2015,4,2015Q4,All Others,MEXICO,291.0
2015,4,2015Q4,All Others,PERU,54.0
2015,4,2015Q4,All Others,URUGUAY,1.0
2015,4,2015Q4,All Others,VENEZUELA,0.0
2015,4,2015Q4,All Others,BAHAMAS,0.0
2015,4,2015Q4,All Others,CAYMAN ISLANDS,21.0
2015,4,2015Q4,All Others,PANAMA,80.0
2015,4,2015Q4,LFI,ANGUILLA,0.0
2015,4,2015Q4,LFI,ARGENTINA,310.0
2015,4,2015Q4,LFI,BRAZIL,8481.0
2015,4,2015Q4,LFI,CHILE,2711.0
2015,4,2015Q4,LFI,COLOMBIA,1421.0
2015,4,2015Q4,LFI,COSTA RICA,270.0
2015,4,2015Q4,LFI,DOMINICAN REPUBLIC,391.0
2015,4,2015Q4,LFI,ECUADOR,153.0
2015,4,2015Q4,LFI,EL SALVADOR,158.0
2015,4,2015Q4,LFI,GUATEMALA,815.0
2015,4,2015Q4,LFI,HONDURAS,111.0
2015,4,2015Q4,LFI,MEXICO,1268.0
2015,4,2015Q4,LFI,PERU,980.0
2015,4,2015Q4,LFI,URUGUAY,77.0
2015,4,2015Q4,LFI,VENEZUELA,8.0
2015,4,2015Q4,LFI,BAHAMAS,12.0
2015,4,2015Q4,LFI,CAYMAN ISLANDS,118.0
2015,4,2015Q4,LFI,PANAMA,228.0
2015,4,2015Q4,All Banks,ANGUILLA,1.0
2015,4,2015Q4,All Banks,ARGENTINA,315.0
2015,4,2015Q4,All Banks,BRAZIL,8970.0
2015,4,2015Q4,All Banks,CHILE,2728.0
2015,4,2015Q4,All Banks,COLOMBIA,1452.0
2015,4,2015Q4,All Banks,COSTA RICA,316.0
2015,4,2015Q4,All Banks,DOMINICAN REPUBLIC,421.0
2015,4,2015Q4,All Banks,ECUADOR,165.0
2015,4,2015Q4,All Banks,EL SALVADOR,184.0
2015,4,2015Q4,All Banks,GUATEMALA,964.0
2015,4,2015Q4,All Banks,HONDURAS,126.0
2015,4,2015Q4,All Banks,MEXICO,1559.0
2015,4,2015Q4,All Banks,PERU,1034.0
2015,4,2015Q4,All Banks,URUGUAY,78.0
2015,4,2015Q4,All Banks,VENEZUELA,8.0
2015,4,2015Q4,All Banks,BAHAMAS,12.0
2015,4,2015Q4,All Banks,CAYMAN ISLANDS,139.0
2015,4,2015Q4,All Banks,PANAMA,308.0
2016,1,2016Q1,All Others,ANGUILLA,1.0
2016,1,2016Q1,All Others,ARGENTINA,4.0
2016,1,2016Q1,All Others,BRAZIL,445.0
2016,1,2016Q1,All Others,CHILE,28.0
2016,1,2016Q1,All Others,COLOMBIA,57.0
2016,1,2016Q1,All Others,COSTA RICA,51.0
2016,1,2016Q1,All Others,DOMINICAN REPUBLIC,40.0
2016,1,2016Q1,All Others,ECUADOR,8.0
2016,1,2016Q1,All Others,EL SALVADOR,19.0
2016,1,2016Q1,All Others,GUATEMALA,142.0
2016,1,2016Q1,All Others,HONDURAS,19.0
2016,1,2016Q1,All Others,MEXICO,273.0
2016,1,2016Q1,All Others,PERU,28.0
2016,1,2016Q1,All Others,URUGUAY,0.0
2016,1,2016Q1,All Others,VENEZUELA,0.0
2016,1,2016Q1,All Others,BAHAMAS,0.0
2016,1,2016Q1,All Others,CAYMAN ISLANDS,20.0
2016,1,2016Q1,All Others,PANAMA,62.0
2016,1,2016Q1,LFI,ANGUILLA,0.0
2016,1,2016Q1,LFI,ARGENTINA,250.0
2016,1,2016Q1,LFI,BRAZIL,8060.0
2016,1,2016Q1,LFI,CHILE,3330.0
2016,1,2016Q1,LFI,COLOMBIA,1594.0
2016,1,2016Q1,LFI,COSTA RICA,314.0
2016,1,2016Q1,LFI,DOMINICAN REPUBLIC,490.0
2016,1,2016Q1,LFI,ECUADOR,144.0
2016,1,2016Q1,LFI,EL SALVADOR,175.0
2016,1,2016Q1,LFI,GUATEMALA,929.0
2016,1,2016Q1,LFI,HONDURAS,131.0
2016,1,2016Q1,LFI,MEXICO,1353.0
2016,1,2016Q1,LFI,PERU,918.0
2016,1,2016Q1,LFI,URUGUAY,93.0
2016,1,2016Q1,LFI,VENEZUELA,8.0
2016,1,2016Q1,LFI,BAHAMAS,4.0
2016,1,2016Q1,LFI,CAYMAN ISLANDS,117.0
2016,1,2016Q1,LFI,PANAMA,238.0
2016,1,2016Q1,All Banks,ANGUILLA,1.0
2016,1,2016Q1,All Banks,ARGENTINA,254.0
2016,1,2016Q1,All Banks,BRAZIL,8505.0
2016,1,2016Q1,All Banks,CHILE,3358.0
2016,1,2016Q1,All Banks,COLOMBIA,1651.0
2016,1,2016Q1,All Banks,COSTA RICA,365.0
2016,1,2016Q1,All Banks,DOMINICAN REPUBLIC,530.0
2016,1,2016Q1,All Banks,ECUADOR,152.0
2016,1,2016Q1,All Banks,EL SALVADOR,194.0
2016,1,2016Q1,All Banks,GUATEMALA,1071.0
2016,1,2016Q1,All Banks,HONDURAS,150.0
2016,1,2016Q1,All Banks,MEXICO,1626.0
2016,1,2016Q1,All Banks,PERU,946.0
2016,1,2016Q1,All Banks,URUGUAY,93.0
2016,1,2016Q1,All Banks,VENEZUELA,8.0
2016,1,2016Q1,All Banks,BAHAMAS,4.0
2016,1,2016Q1,All Banks,CAYMAN ISLANDS,137.0
2016,1,2016Q1,All Banks,PANAMA,300.0
2016,2,2016Q2,All Others,ANGUILLA,1.0
2016,2,2016Q2,All Others,ARGENTINA,4.0
2016,2,2016Q2,All Others,BRAZIL,402.0
2016,2,2016Q2,All Others,CHILE,37.0
2016,2,2016Q2,All Others,COLOMBIA,64.0
2016,2,2016Q2,All Others,COSTA RICA,31.0
2016,2,2016Q2,All Others,DOMINICAN REPUBLIC,30.0
2016,2,2016Q2,All Others,ECUADOR,11.0
2016,2,2016Q2,All Others,EL SALVADOR,10.0
2016,2,2016Q2,All Others,GUATEMALA,131.0
2016,2,2016Q2,All Others,HONDURAS,11.0
2016,2,2016Q2,All Others,MEXICO,239.0
2016,2,2016Q2,All Others,PERU,6.0
2016,2,2016Q2,All Others,URUGUAY,0.0
2016,2,2016Q2,All Others,VENEZUELA,49.0
2016,2,2016Q2,All Others,BAHAMAS,0.0
2016,2,2016Q2,All Others,CAYMAN ISLANDS,21.0
2016,2,2016Q2,All Others,PANAMA,114.0
2016,2,2016Q2,LFI,ANGUILLA,0.0
2016,2,2016Q2,LFI,ARGENTINA,289.0
2016,2,2016Q2,LFI,BRAZIL,8043.0
2016,2,2016Q2,LFI,CHILE,3071.0
2016,2,2016Q2,LFI,COLOMBIA,1448.0
2016,2,2016Q2,LFI,COSTA RICA,286.0
2016,2,2016Q2,LFI,DOMINICAN REPUBLIC,428.0
2016,2,2016Q2,LFI,ECUADOR,136.0
2016,2,2016Q2,LFI,EL SALVADOR,206.0
2016,2,2016Q2,LFI,GUATEMALA,902.0
2016,2,2016Q2,LFI,HONDURAS,129.0
2016,2,2016Q2,LFI,MEXICO,1431.0
2016,2,2016Q2,LFI,PERU,769.0
2016,2,2016Q2,LFI,URUGUAY,57.0
2016,2,2016Q2,LFI,VENEZUELA,6.0
2016,2,2016Q2,LFI,BAHAMAS,5.0
2016,2,2016Q2,LFI,CAYMAN ISLANDS,91.0
2016,2,2016Q2,LFI,PANAMA,299.0
2016,2,2016Q2,All Banks,ANGUILLA,1.0
2016,2,2016Q2,All Banks,ARGENTINA,293.0
2016,2,2016Q2,All Banks,BRAZIL,8445.0
2016,2,2016Q2,All Banks,CHILE,3108.0
2016,2,2016Q2,All Banks,COLOMBIA,1512.0
2016,2,2016Q2,All Banks,COSTA RICA,317.0
2016,2,2016Q2,All Banks,DOMINICAN REPUBLIC,458.0
2016,2,2016Q2,All Banks,ECUADOR,147.0
2016,2,2016Q2,All Banks,EL SALVADOR,216.0
2016,2,2016Q2,All Banks,GUATEMALA,1033.0
2016,2,2016Q2,All Banks,HONDURAS,140.0
2016,2,2016Q2,All Banks,MEXICO,1670.0
2016,2,2016Q2,All Banks,PERU,775.0
2016,2,2016Q2,All Banks,URUGUAY,57.0
2016,2,2016Q2,All Banks,VENEZUELA,55.0
2016,2,2016Q2,All Banks,BAHAMAS,5.0
2016,2,2016Q2,All Banks,CAYMAN ISLANDS,112.0
2016,2,2016Q2,All Banks,PANAMA,413.0
2016,3,2016Q3,All Others,ANGUILLA,0.0
2016,3,2016Q3,All Others,ARGENTINA,7.0
2016,3,2016Q3,All Others,BRAZIL,258.0
2016,3,2016Q3,All Others,CHILE,38.0
2016,3,2016Q3,All Others,COLOMBIA,53.0
2016,3,2016Q3,All Others,COSTA RICA,34.0
2016,3,2016Q3,All Others,DOMINICAN REPUBLIC,26.0
2016,3,2016Q3,All Others,ECUADOR,13.0
2016,3,2016Q3,All Others,EL SALVADOR,21.0
2016,3,2016Q3,All Others,GUATEMALA,86.0
2016,3,2016Q3,All Others,HONDURAS,5.0
2016,3,2016Q3,All Others,MEXICO,166.0
2016,3,2016Q3,All Others,PERU,30.0
2016,3,2016Q3,All Others,URUGUAY,0.0
2016,3,2016Q3,All Others,VENEZUELA,23.0
2016,3,2016Q3,All Others,BAHAMAS,0.0
2016,3,2016Q3,All Others,CAYMAN ISLANDS,21.0
2016,3,2016Q3,All Others,PANAMA,130.0
2016,3,2016Q3,LFI,ANGUILLA,0.0
2016,3,2016Q3,LFI,ARGENTINA,232.0
2016,3,2016Q3,LFI,BRAZIL,7974.0
2016,3,2016Q3,LFI,CHILE,3571.0
2016,3,2016Q3,LFI,COLOMBIA,1416.0
2016,3,2016Q3,LFI,COSTA RICA,274.0
2016,3,2016Q3,LFI,DOMINICAN REPUBLIC,383.0
2016,3,2016Q3,LFI,ECUADOR,121.0
2016,3,2016Q3,LFI,EL SALVADOR,189.0
2016,3,2016Q3,LFI,GUATEMALA,705.0
2016,3,2016Q3,LFI,HONDURAS,81.0
2016,3,2016Q3,LFI,MEXICO,1108.0
2016,3,2016Q3,LFI,PERU,862.0
2016,3,2016Q3,LFI,URUGUAY,59.0
2016,3,2016Q3,LFI,VENEZUELA,7.0
2016,3,2016Q3,LFI,BAHAMAS,10.0
2016,3,2016Q3,LFI,CAYMAN ISLANDS,55.0
2016,3,2016Q3,LFI,PANAMA,333.0
2016,3,2016Q3,All Banks,ANGUILLA,0.0
2016,3,2016Q3,All Banks,ARGENTINA,239.0
2016,3,2016Q3,All Banks,BRAZIL,8232.0
2016,3,2016Q3,All Banks,CHILE,3609.0
2016,3,2016Q3,All Banks,COLOMBIA,1469.0
2016,3,2016Q3,All Banks,COSTA RICA,308.0
2016,3,2016Q3,All Banks,DOMINICAN REPUBLIC,409.0
2016,3,2016Q3,All Banks,ECUADOR,134.0
2016,3,2016Q3,All Banks,EL SALVADOR,210.0
2016,3,2016Q3,All Banks,GUATEMALA,791.0
2016,3,2016Q3,All Banks,HONDURAS,86.0
2016,3,2016Q3,All Banks,MEXICO,1274.0
2016,3,2016Q3,All Banks,PERU,892.0
2016,3,2016Q3,All Banks,URUGUAY,59.0
2016,3,2016Q3,All Banks,VENEZUELA,30.0
2016,3,2016Q3,All Banks,BAHAMAS,10.0
2016,3,2016Q3,All Banks,CAYMAN ISLANDS,76.0
2016,3,2016Q3,All Banks,PANAMA,463.0
2016,4,2016Q4,All Others,ANGUILLA,0.0
2016,4,2016Q4,All Others,ARGENTINA,0.0
2016,4,2016Q4,All Others,BRAZIL,233.0
2016,4,2016Q4,All Others,CHILE,32.0
2016,4,2016Q4,All Others,COLOMBIA,30.0
2016,4,2016Q4,All Others,COSTA RICA,25.0
2016,4,2016Q4,All Others,DOMINICAN REPUBLIC,30.0
2016,4,2016Q4,All Others,ECUADOR,22.0
2016,4,2016Q4,All Others,EL SALVADOR,19.0
2016,4,2016Q4,All Others,GUATEMALA,87.0
2016,4,2016Q4,All Others,HONDURAS,4.0
2016,4,2016Q4,All Others,MEXICO,227.0
2016,4,2016Q4,All Others,PERU,35.0
2016,4,2016Q4,All Others,URUGUAY,0.0
2016,4,2016Q4,All Others,VENEZUELA,22.0
2016,4,2016Q4,All Others,BAHAMAS,0.0
2016,4,2016Q4,All Others,CAYMAN ISLANDS,18.0
2016,4,2016Q4,All Others,PANAMA,129.0
2016,4,2016Q4,LFI,ANGUILLA,0.0
2016,4,2016Q4,LFI,ARGENTINA,223.0
2016,4,2016Q4,LFI,BRAZIL,7575.0
2016,4,2016Q4,LFI,CHILE,3264.0
2016,4,2016Q4,LFI,COLOMBIA,1276.0
2016,4,2016Q4,LFI,COSTA RICA,302.0
2016,4,2016Q4,LFI,DOMINICAN REPUBLIC,365.0
2016,4,2016Q4,LFI,ECUADOR,121.0
2016,4,2016Q4,LFI,EL SALVADOR,158.0
2016,4,2016Q4,LFI,GUATEMALA,745.0
2016,4,2016Q4,LFI,HONDURAS,55.0
2016,4,2016Q4,LFI,MEXICO,1114.0
2016,4,2016Q4,LFI,PERU,923.0
2016,4,2016Q4,LFI,URUGUAY,73.0
2016,4,2016Q4,LFI,VENEZUELA,6.0
2016,4,2016Q4,LFI,BAHAMAS,2.0
2016,4,2016Q4,LFI,CAYMAN ISLANDS,33.0
2016,4,2016Q4,LFI,PANAMA,412.0
2016,4,2016Q4,All Banks,ANGUILLA,0.0
2016,4,2016Q4,All Banks,ARGENTINA,223.0
2016,4,2016Q4,All Banks,BRAZIL,7808.0
2016,4,2016Q4,All Banks,CHILE,3296.0
2016,4,2016Q4,All Banks,COLOMBIA,1306.0
2016,4,2016Q4,All Banks,COSTA RICA,327.0
2016,4,2016Q4,All Banks,DOMINICAN REPUBLIC,395.0
2016,4,2016Q4,All Banks,ECUADOR,143.0
2016,4,2016Q4,All Banks,EL SALVADOR,177.0
2016,4,2016Q4,All Banks,GUATEMALA,832.0
2016,4,2016Q4,All Banks,HONDURAS,59.0
2016,4,2016Q4,All Banks,MEXICO,1341.0
2016,4,2016Q4,All Banks,PERU,958.0
2016,4,2016Q4,All Banks,URUGUAY,73.0
2016,4,2016Q4,All Banks,VENEZUELA,28.0
2016,4,2016Q4,All Banks,BAHAMAS,2.0
2016,4,2016Q4,All Banks,CAYMAN ISLANDS,51.0
2016,4,2016Q4,All Banks,PANAMA,541.0
2017,1,2017Q1,All Others,ANGUILLA,0.0
2017,1,2017Q1,All Others,ARGENTINA,0.0
2017,1,2017Q1,All Others,BRAZIL,180.0
2017,1,2017Q1,All Others,CHILE,40.0
2017,1,2017Q1,All Others,COLOMBIA,12.0
2017,1,2017Q1,All Others,COSTA RICA,12.0
2017,1,2017Q1,All Others,DOMINICAN REPUBLIC,33.0
2017,1,2017Q1,All Others,ECUADOR,22.0
2017,1,2017Q1,All Others,EL SALVADOR,31.0
2017,1,2017Q1,All Others,GUATEMALA,103.0
2017,1,2017Q1,All Others,HONDURAS,14.0
2017,1,2017Q1,All Others,MEXICO,171.0
2017,1,2017Q1,All Others,PERU,33.0
2017,1,2017Q1,All Others,URUGUAY,8.0
2017,1,2017Q1,All Others,VENEZUELA,26.0
2017,1,2017Q1,All Others,BAHAMAS,0.0
2017,1,2017Q1,All Others,CAYMAN ISLANDS,26.0
2017,1,2017Q1,All Others,PANAMA,121.0
2017,1,2017Q1,LFI,ANGUILLA,0.0
2017,1,2017Q1,LFI,ARGENTINA,189.0
2017,1,2017Q1,LFI,BRAZIL,6851.0
2017,1,2017Q1,LFI,CHILE,3654.0
2017,1,2017Q1,LFI,COLOMBIA,1477.0
2017,1,2017Q1,LFI,COSTA RICA,371.0
2017,1,2017Q1,LFI,DOMINICAN REPUBLIC,547.0
2017,1,2017Q1,LFI,ECUADOR,126.0
2017,1,2017Q1,LFI,EL SALVADOR,312.0
2017,1,2017Q1,LFI,GUATEMALA,1011.0
2017,1,2017Q1,LFI,HONDURAS,211.0
2017,1,2017Q1,LFI,MEXICO,1060.0
2017,1,2017Q1,LFI,PERU,872.0
2017,1,2017Q1,LFI,URUGUAY,42.0
2017,1,2017Q1,LFI,VENEZUELA,0.0
2017,1,2017Q1,LFI,BAHAMAS,7.0
2017,1,2017Q1,LFI,CAYMAN ISLANDS,99.0
2017,1,2017Q1,LFI,PANAMA,402.0
2017,1,2017Q1,All Banks,ANGUILLA,0.0
2017,1,2017Q1,All Banks,ARGENTINA,189.0
2017,1,2017Q1,All Banks,BRAZIL,7031.0
2017,1,2017Q1,All Banks,CHILE,3694.0
2017,1,2017Q1,All Banks,COLOMBIA,1489.0
2017,1,2017Q1,All Banks,COSTA RICA,383.0
2017,1,2017Q1,All Banks,DOMINICAN REPUBLIC,580.0
2017,1,2017Q1,All Banks,ECUADOR,148.0
2017,1,2017Q1,All Banks,EL SALVADOR,343.0
2017,1,2017Q1,All Banks,GUATEMALA,1114.0
2017,1,2017Q1,All Banks,HONDURAS,225.0
2017,1,2017Q1,All Banks,MEXICO,1231.0
2017,1,2017Q1,All Banks,PERU,905.0
2017,1,2017Q1,All Banks,URUGUAY,50.0
2017,1,2017Q1,All Banks,VENEZUELA,26.0
2017,1,2017Q1,All Banks,BAHAMAS,7.0
2017,1,2017Q1,All Banks,CAYMAN ISLANDS,125.0
2017,1,2017Q1,All Banks,PANAMA,523.0
2017,2,2017Q2,All Others,ANGUILLA,0.0
2017,2,2017Q2,All Others,ARGENTINA,1.0
2017,2,2017Q2,All Others,BRAZIL,112.0
2017,2,2017Q2,All Others,CHILE,85.0
2017,2,2017Q2,All Others,COLOMBIA,20.0
2017,2,2017Q2,All Others,COSTA RICA,20.0
2017,2,2017Q2,All Others,DOMINICAN REPUBLIC,36.0
2017,2,2017Q2,All Others,ECUADOR,18.0
2017,2,2017Q2,All Others,EL SALVADOR,28.0
2017,2,2017Q2,All Others,GUATEMALA,114.0
2017,2,2017Q2,All Others,HONDURAS,14.0
2017,2,2017Q2,All Others,MEXICO,76.0
2017,2,2017Q2,All Others,PERU,29.0
2017,2,2017Q2,All Others,URUGUAY,4.0
2017,2,2017Q2,All Others,VENEZUELA,29.0
2017,2,2017Q2,All Others,BAHAMAS,0.0
2017,2,2017Q2,All Others,CAYMAN ISLANDS,22.0
2017,2,2017Q2,All Others,PANAMA,125.0
2017,2,2017Q2,LFI,ANGUILLA,0.0
2017,2,2017Q2,LFI,ARGENTINA,216.0
2017,2,2017Q2,LFI,BRAZIL,6570.0
2017,2,2017Q2,LFI,CHILE,3451.0
2017,2,2017Q2,LFI,COLOMBIA,1094.0
2017,2,2017Q2,LFI,COSTA RICA,283.0
2017,2,2017Q2,LFI,DOMINICAN REPUBLIC,486.0
2017,2,2017Q2,LFI,ECUADOR,169.0
2017,2,2017Q2,LFI,EL SALVADOR,226.0
2017,2,2017Q2,LFI,GUATEMALA,988.0
2017,2,2017Q2,LFI,HONDURAS,120.0
2017,2,2017Q2,LFI,MEXICO,1093.0
2017,2,2017Q2,LFI,PERU,848.0
2017,2,2017Q2,LFI,URUGUAY,47.0
2017,2,2017Q2,LFI,VENEZUELA,0.0
2017,2,2017Q2,LFI,BAHAMAS,5.0
2017,2,2017Q2,LFI,CAYMAN ISLANDS,106.0
2017,2,2017Q2,LFI,PANAMA,348.0
2017,2,2017Q2,All Banks,ANGUILLA,0.0
2017,2,2017Q2,All Banks,ARGENTINA,217.0
2017,2,2017Q2,All Banks,BRAZIL,6682.0
2017,2,2017Q2,All Banks,CHILE,3536.0
2017,2,2017Q2,All Banks,COLOMBIA,1114.0
2017,2,2017Q2,All Banks,COSTA RICA,303.0
2017,2,2017Q2,All Banks,DOMINICAN REPUBLIC,522.0
2017,2,2017Q2,All Banks,ECUADOR,187.0
2017,2,2017Q2,All Banks,EL SALVADOR,254.0
2017,2,2017Q2,All Banks,GUATEMALA,1102.0
2017,2,2017Q2,All Banks,HONDURAS,134.0
2017,2,2017Q2,All Banks,MEXICO,1169.0
2017,2,2017Q2,All Banks,PERU,877.0
2017,2,2017Q2,All Banks,URUGUAY,51.0
2017,2,2017Q2,All Banks,VENEZUELA,29.0
2017,2,2017Q2,All Banks,BAHAMAS,5.0
2017,2,2017Q2,All Banks,CAYMAN ISLANDS,128.0
2017,2,2017Q2,All Banks,PANAMA,473.0
2017,3,2017Q3,All Others,ANGUILLA,0.0
2017,3,2017Q3,All Others,ARGENTINA,1.0
2017,3,2017Q3,All Others,BRAZIL,105.0
2017,3,2017Q3,All Others,CHILE,80.0
2017,3,2017Q3,All Others,COLOMBIA,21.0
2017,3,2017Q3,All Others,COSTA RICA,31.0
2017,3,2017Q3,All Others,DOMINICAN REPUBLIC,36.0
2017,3,2017Q3,All Others,ECUADOR,21.0
2017,3,2017Q3,All Others,EL SALVADOR,15.0
2017,3,2017Q3,All Others,GUATEMALA,117.0
2017,3,2017Q3,All Others,HONDURAS,12.0
2017,3,2017Q3,All Others,MEXICO,42.0
2017,3,2017Q3,All Others,PERU,11.0
2017,3,2017Q3,All Others,URUGUAY,0.0
2017,3,2017Q3,All Others,VENEZUELA,33.0
2017,3,2017Q3,All Others,BAHAMAS,0.0
2017,3,2017Q3,All Others,CAYMAN ISLANDS,7.0
2017,3,2017Q3,All Others,PANAMA,117.0
2017,3,2017Q3,LFI,ANGUILLA,0.0
2017,3,2017Q3,LFI,ARGENTINA,183.0
2017,3,2017Q3,LFI,BRAZIL,6985.0
2017,3,2017Q3,LFI,CHILE,3823.0
2017,3,2017Q3,LFI,COLOMBIA,1153.0
2017,3,2017Q3,LFI,COSTA RICA,311.0
2017,3,2017Q3,LFI,DOMINICAN REPUBLIC,317.0
2017,3,2017Q3,LFI,ECUADOR,148.0
2017,3,2017Q3,LFI,EL SALVADOR,222.0
2017,3,2017Q3,LFI,GUATEMALA,932.0
2017,3,2017Q3,LFI,HONDURAS,149.0
2017,3,2017Q3,LFI,MEXICO,1606.0
2017,3,2017Q3,LFI,PERU,922.0
2017,3,2017Q3,LFI,URUGUAY,38.0
2017,3,2017Q3,LFI,VENEZUELA,0.0
2017,3,2017Q3,LFI,BAHAMAS,16.0
2017,3,2017Q3,LFI,CAYMAN ISLANDS,171.0
2017,3,2017Q3,LFI,PANAMA,363.0
2017,3,2017Q3,All Banks,ANGUILLA,0.0
2017,3,2017Q3,All Banks,ARGENTINA,184.0
2017,3,2017Q3,All Banks,BRAZIL,7090.0
2017,3,2017Q3,All Banks,CHILE,3903.0
2017,3,2017Q3,All Banks,COLOMBIA,1174.0
2017,3,2017Q3,All Banks,COSTA RICA,342.0
2017,3,2017Q3,All Banks,DOMINICAN REPUBLIC,353.0
2017,3,2017Q3,All Banks,ECUADOR,169.0
2017,3,2017Q3,All Banks,EL SALVADOR,237.0
2017,3,2017Q3,All Banks,GUATEMALA,1049.0
2017,3,2017Q3,All Banks,HONDURAS,161.0
2017,3,2017Q3,All Banks,MEXICO,1648.0
2017,3,2017Q3,All Banks,PERU,933.0
2017,3,2017Q3,All Banks,URUGUAY,38.0
2017,3,2017Q3,All Banks,VENEZUELA,33.0
2017,3,2017Q3,All Banks,BAHAMAS,16.0
2017,3,2017Q3,All Banks,CAYMAN ISLANDS,178.0
2017,3,2017Q3,All Banks,PANAMA,480.0
2017,4,2017Q4,All Others,ANGUILLA,0.0
2017,4,2017Q4,All Others,ARGENTINA,1.0
2017,4,2017Q4,All Others,BRAZIL,87.0
2017,4,2017Q4,All Others,CHILE,73.0
2017,4,2017Q4,All Others,COLOMBIA,35.0
2017,4,2017Q4,All Others,COSTA RICA,27.0
2017,4,2017Q4,All Others,DOMINICAN REPUBLIC,20.0
2017,4,2017Q4,All Others,ECUADOR,9.0
2017,4,2017Q4,All Others,EL SALVADOR,11.0
2017,4,2017Q4,All Others,GUATEMALA,68.0
2017,4,2017Q4,All Others,HONDURAS,2.0
2017,4,2017Q4,All Others,MEXICO,40.0
2017,4,2017Q4,All Others,PERU,2.0
2017,4,2017Q4,All Others,URUGUAY,0.0
2017,4,2017Q4,All Others,VENEZUELA,32.0
2017,4,2017Q4,All Others,BAHAMAS,0.0
2017,4,2017Q4,All Others,CAYMAN ISLANDS,27.0
2017,4,2017Q4,All Others,PANAMA,115.0
2017,4,2017Q4,LFI,ANGUILLA,0.0
2017,4,2017Q4,LFI,ARGENTINA,147.0
2017,4,2017Q4,LFI,BRAZIL,5412.0
2017,4,2017Q4,LFI,CHILE,2395.0
2017,4,2017Q4,LFI,COLOMBIA,847.0
2017,4,2017Q4,LFI,COSTA RICA,123.0
2017,4,2017Q4,LFI,DOMINICAN REPUBLIC,206.0
2017,4,2017Q4,LFI,ECUADOR,93.0
2017,4,2017Q4,LFI,EL SALVADOR,92.0
2017,4,2017Q4,LFI,GUATEMALA,657.0
2017,4,2017Q4,LFI,HONDURAS,35.0
2017,4,2017Q4,LFI,MEXICO,730.0
2017,4,2017Q4,LFI,PERU,578.0
2017,4,2017Q4,LFI,URUGUAY,194.0
2017,4,2017Q4,LFI,VENEZUELA,0.0
2017,4,2017Q4,LFI,BAHAMAS,147.0
2017,4,2017Q4,LFI,CAYMAN ISLANDS,361.0
2017,4,2017Q4,LFI,PANAMA,279.0
2017,4,2017Q4,All Banks,ANGUILLA,0.0
2017,4,2017Q4,All Banks,ARGENTINA,148.0
2017,4,2017Q4,All Banks,BRAZIL,5499.0
2017,4,2017Q4,All Banks,CHILE,2468.0
2017,4,2017Q4,All Banks,COLOMBIA,882.0
2017,4,2017Q4,All Banks,COSTA RICA,150.0
2017,4,2017Q4,All Banks,DOMINICAN REPUBLIC,226.0
2017,4,2017Q4,All Banks,ECUADOR,102.0
2017,4,2017Q4,All Banks,EL SALVADOR,103.0
2017,4,2017Q4,All Banks,GUATEMALA,725.0
2017,4,2017Q4,All Banks,HONDURAS,37.0
2017,4,2017Q4,All Banks,MEXICO,770.0
2017,4,2017Q4,All Banks,PERU,580.0
2017,4,2017Q4,All Banks,URUGUAY,194.0
2017,4,2017Q4,All Banks,VENEZUELA,32.0
2017,4,2017Q4,All Banks,BAHAMAS,147.0
2017,4,2017Q4,All Banks,CAYMAN ISLANDS,388.0
2017,4,2017Q4,All Banks,PANAMA,394.0
2018,1,2018Q1,All Others,ANGUILLA,0.0
2018,1,2018Q1,All Others,ARGENTINA,0.0
2018,1,2018Q1,All Others,BRAZIL,114.0
2018,1,2018Q1,All Others,CHILE,59.0
2018,1,2018Q1,All Others,COLOMBIA,16.0
2018,1,2018Q1,All Others,COSTA RICA,27.0
2018,1,2018Q1,All Others,DOMINICAN REPUBLIC,3.0
2018,1,2018Q1,All Others,ECUADOR,8.0
2018,1,2018Q1,All Others,EL SALVADOR,15.0
2018,1,2018Q1,All Others,GUATEMALA,75.0
2018,1,2018Q1,All Others,HONDURAS,3.0
2018,1,2018Q1,All Others,MEXICO,30.0
2018,1,2018Q1,All Others,PERU,12.0
2018,1,2018Q1,All Others,URUGUAY,0.0
2018,1,2018Q1,All Others,VENEZUELA,32.0
2018,1,2018Q1,All Others,BAHAMAS,0.0
2018,1,2018Q1,All Others,CAYMAN ISLANDS,33.0
2018,1,2018Q1,All Others,PANAMA,136.0
2018,1,2018Q1,LFI,ANGUILLA,0.0
2018,1,2018Q1,LFI,ARGENTINA,200.0
2018,1,2018Q1,LFI,BRAZIL,5111.0
2018,1,2018Q1,LFI,CHILE,2342.0
2018,1,2018Q1,LFI,COLOMBIA,725.0
2018,1,2018Q1,LFI,COSTA RICA,153.0
2018,1,2018Q1,LFI,DOMINICAN REPUBLIC,296.0
2018,1,2018Q1,LFI,ECUADOR,112.0
2018,1,2018Q1,LFI,EL SALVADOR,93.0
2018,1,2018Q1,LFI,GUATEMALA,668.0
2018,1,2018Q1,LFI,HONDURAS,119.0
2018,1,2018Q1,LFI,MEXICO,1154.0
2018,1,2018Q1,LFI,PERU,288.0
2018,1,2018Q1,LFI,URUGUAY,55.0
2018,1,2018Q1,LFI,VENEZUELA,0.0
2018,1,2018Q1,LFI,BAHAMAS,23.0
2018,1,2018Q1,LFI,CAYMAN ISLANDS,628.0
2018,1,2018Q1,LFI,PANAMA,301.0
2018,1,2018Q1,All Banks,ANGUILLA,0.0
2018,1,2018Q1,All Banks,ARGENTINA,200.0
2018,1,2018Q1,All Banks,BRAZIL,5225.0
2018,1,2018Q1,All Banks,CHILE,2401.0
2018,1,2018Q1,All Banks,COLOMBIA,741.0
2018,1,2018Q1,All Banks,COSTA RICA,180.0
2018,1,2018Q1,All Banks,DOMINICAN REPUBLIC,299.0
2018,1,2018Q1,All Banks,ECUADOR,120.0
2018,1,2018Q1,All Banks,EL SALVADOR,108.0
2018,1,2018Q1,All Banks,GUATEMALA,743.0
2018,1,2018Q1,All Banks,HONDURAS,122.0
2018,1,2018Q1,All Banks,MEXICO,1184.0
2018,1,2018Q1,All Banks,PERU,300.0
2018,1,2018Q1,All Banks,URUGUAY,55.0
2018,1,2018Q1,All Banks,VENEZUELA,32.0
2018,1,2018Q1,All Banks,BAHAMAS,23.0
2018,1,2018Q1,All Banks,CAYMAN ISLANDS,661.0
2018,1,2018Q1,All Banks,PANAMA,437.0
2018,2,2018Q2,All Others,ANGUILLA,0.0
2018,2,2018Q2,All Others,ARGENTINA,0.0
2018,2,2018Q2,All Others,BRAZIL,120.0
2018,2,2018Q2,All Others,CHILE,47.0
2018,2,2018Q2,All Others,COLOMBIA,16.0
2018,2,2018Q2,All Others,COSTA RICA,16.0
2018,2,2018Q2,All Others,DOMINICAN REPUBLIC,0.0
2018,2,2018Q2,All Others,ECUADOR,10.0
2018,2,2018Q2,All Others,EL SALVADOR,18.0
2018,2,2018Q2,All Others,GUATEMALA,78.0
2018,2,2018Q2,All Others,HONDURAS,2.0
2018,2,2018Q2,All Others,MEXICO,29.0
2018,2,2018Q2,All Others,PERU,31.0
2018,2,2018Q2,All Others,URUGUAY,0.0
2018,2,2018Q2,All Others,VENEZUELA,48.0
2018,2,2018Q2,All Others,BAHAMAS,0.0
2018,2,2018Q2,All Others,CAYMAN ISLANDS,37.0
2018,2,2018Q2,All Others,PANAMA,126.0
2018,2,2018Q2,LFI,ANGUILLA,0.0
2018,2,2018Q2,LFI,ARGENTINA,133.0
2018,2,2018Q2,LFI,BRAZIL,4297.0
2018,2,2018Q2,LFI,CHILE,2210.0
2018,2,2018Q2,LFI,COLOMBIA,473.0
2018,2,2018Q2,LFI,COSTA RICA,131.0
2018,2,2018Q2,LFI,DOMINICAN REPUBLIC,133.0
2018,2,2018Q2,LFI,ECUADOR,129.0
2018,2,2018Q2,LFI,EL SALVADOR,58.0
2018,2,2018Q2,LFI,GUATEMALA,415.0
2018,2,2018Q2,LFI,HONDURAS,89.0
2018,2,2018Q2,LFI,MEXICO,953.0
2018,2,2018Q2,LFI,PERU,447.0
2018,2,2018Q2,LFI,URUGUAY,11.0
2018,2,2018Q2,LFI,VENEZUELA,0.0
2018,2,2018Q2,LFI,BAHAMAS,0.0
2018,2,2018Q2,LFI,CAYMAN ISLANDS,713.0
2018,2,2018Q2,LFI,PANAMA,228.0
2018,2,2018Q2,All Banks,ANGUILLA,0.0
2018,2,2018Q2,All Banks,ARGENTINA,133.0
2018,2,2018Q2,All Banks,BRAZIL,4417.0
2018,2,2018Q2,All Banks,CHILE,2257.0
2018,2,2018Q2,All Banks,COLOMBIA,489.0
2018,2,2018Q2,All Banks,COSTA RICA,147.0
2018,2,2018Q2,All Banks,DOMINICAN REPUBLIC,133.0
2018,2,2018Q2,All Banks,ECUADOR,139.0
2018,2,2018Q2,All Banks,EL SALVADOR,76.0
2018,2,2018Q2,All Banks,GUATEMALA,493.0
2018,2,2018Q2,All Banks,HONDURAS,91.0
2018,2,2018Q2,All Banks,MEXICO,982.0
2018,2,2018Q2,All Banks,PERU,478.0
2018,2,2018Q2,All Banks,URUGUAY,11.0
2018,2,2018Q2,All Banks,VENEZUELA,48.0
2018,2,2018Q2,All Banks,BAHAMAS,0.0
2018,2,2018Q2,All Banks,CAYMAN ISLANDS,750.0
2018,2,2018Q2,All Banks,PANAMA,354.0
2018,3,2018Q3,All Others,ANGUILLA,56.0
2018,3,2018Q3,All Others,ARGENTINA,7.0
2018,3,2018Q3,All Others,BRAZIL,87.0
2018,3,2018Q3,All Others,CHILE,45.0
2018,3,2018Q3,All Others,COLOMBIA,12.0
2018,3,2018Q3,All Others,COSTA RICA,5.0
2018,3,2018Q3,All Others,DOMINICAN REPUBLIC,16.0
2018,3,2018Q3,All Others,ECUADOR,28.0
2018,3,2018Q3,All Others,EL SALVADOR,11.0
2018,3,2018Q3,All Others,GUATEMALA,68.0
2018,3,2018Q3,All Others,HONDURAS,12.0
2018,3,2018Q3,All Others,MEXICO,20.0
2018,3,2018Q3,All Others,PERU,23.0
2018,3,2018Q3,All Others,URUGUAY,0.0
2018,3,2018Q3,All Others,VENEZUELA,55.0
2018,3,2018Q3,All Others,BAHAMAS,0.0
2018,3,2018Q3,All Others,CAYMAN ISLANDS,49.0
2018,3,2018Q3,All Others,PANAMA,80.0
2018,3,2018Q3,LFI,ANGUILLA,0.0
2018,3,2018Q3,LFI,ARGENTINA,381.0
2018,3,2018Q3,LFI,BRAZIL,5473.0
2018,3,2018Q3,LFI,CHILE,2437.0
2018,3,2018Q3,LFI,COLOMBIA,642.0
2018,3,2018Q3,LFI,COSTA RICA,207.0
2018,3,2018Q3,LFI,DOMINICAN REPUBLIC,200.0
2018,3,2018Q3,LFI,ECUADOR,177.0
2018,3,2018Q3,LFI,EL SALVADOR,143.0
2018,3,2018Q3,LFI,GUATEMALA,777.0
2018,3,2018Q3,LFI,HONDURAS,137.0
2018,3,2018Q3,LFI,MEXICO,996.0
2018,3,2018Q3,LFI,PERU,471.0
2018,3,2018Q3,LFI,URUGUAY,102.0
2018,3,2018Q3,LFI,VENEZUELA,0.0
2018,3,2018Q3,LFI,BAHAMAS,42.0
2018,3,2018Q3,LFI,CAYMAN ISLANDS,435.0
2018,3,2018Q3,LFI,PANAMA,337.0
2018,3,2018Q3,All Banks,ANGUILLA,56.0
2018,3,2018Q3,All Banks,ARGENTINA,388.0
2018,3,2018Q3,All Banks,BRAZIL,5560.0
2018,3,2018Q3,All Banks,CHILE,2482.0
2018,3,2018Q3,All Banks,COLOMBIA,654.0
2018,3,2018Q3,All Banks,COSTA RICA,212.0
2018,3,2018Q3,All Banks,DOMINICAN REPUBLIC,216.0
2018,3,2018Q3,All Banks,ECUADOR,205.0
2018,3,2018Q3,All Banks,EL SALVADOR,154.0
2018,3,2018Q3,All Banks,GUATEMALA,845.0
2018,3,2018Q3,All Banks,HONDURAS,149.0
2018,3,2018Q3,All Banks,MEXICO,1016.0
2018,3,2018Q3,All Banks,PERU,494.0
2018,3,2018Q3,All Banks,URUGUAY,102.0
2018,3,2018Q3,All Banks,VENEZUELA,55.0
2018,3,2018Q3,All Banks,BAHAMAS,42.0
2018,3,2018Q3,All Banks,CAYMAN ISLANDS,484.0
2018,3,2018Q3,All Banks,PANAMA,417.0
2018,4,2018Q4,All Others,ANGUILLA,61.0
2018,4,2018Q4,All Others,ARGENTINA,7.0
2018,4,2018Q4,All Others,BRAZIL,83.0
2018,4,2018Q4,All Others,CHILE,44.0
2018,4,2018Q4,All Others,COLOMBIA,0.0
2018,4,2018Q4,All Others,COSTA RICA,15.0
2018,4,2018Q4,All Others,DOMINICAN REPUBLIC,16.0
2018,4,2018Q4,All Others,ECUADOR,23.0
2018,4,2018Q4,All Others,EL SALVADOR,12.0
2018,4,2018Q4,All Others,GUATEMALA,73.0
2018,4,2018Q4,All Others,HONDURAS,2.0
2018,4,2018Q4,All Others,MEXICO,18.0
2018,4,2018Q4,All Others,PERU,10.0
2018,4,2018Q4,All Others,URUGUAY,0.0
2018,4,2018Q4,All Others,VENEZUELA,47.0
2018,4,2018Q4,All Others,BAHAMAS,0.0
2018,4,2018Q4,All Others,CAYMAN ISLANDS,0.0
2018,4,2018Q4,All Others,PANAMA,108.0
2018,4,2018Q4,LFI,ANGUILLA,0.0
2018,4,2018Q4,LFI,ARGENTINA,375.0
2018,4,2018Q4,LFI,BRAZIL,6438.0
2018,4,2018Q4,LFI,CHILE,2671.0
2018,4,2018Q4,LFI,COLOMBIA,603.0
2018,4,2018Q4,LFI,COSTA RICA,192.0
2018,4,2018Q4,LFI,DOMINICAN REPUBLIC,212.0
2018,4,2018Q4,LFI,ECUADOR,162.0
2018,4,2018Q4,LFI,EL SALVADOR,152.0
2018,4,2018Q4,LFI,GUATEMALA,734.0
2018,4,2018Q4,LFI,HONDURAS,152.0
2018,4,2018Q4,LFI,MEXICO,1030.0
2018,4,2018Q4,LFI,PERU,485.0
2018,4,2018Q4,LFI,URUGUAY,101.0
2018,4,2018Q4,LFI,VENEZUELA,0.0
2018,4,2018Q4,LFI,BAHAMAS,33.0
2018,4,2018Q4,LFI,CAYMAN ISLANDS,500.0
2018,4,2018Q4,LFI,PANAMA,390.0
2018,4,2018Q4,All Banks,ANGUILLA,61.0
2018,4,2018Q4,All Banks,ARGENTINA,382.0
2018,4,2018Q4,All Banks,BRAZIL,6521.0
2018,4,2018Q4,All Banks,CHILE,2715.0
2018,4,2018Q4,All Banks,COLOMBIA,603.0
2018,4,2018Q4,All Banks,COSTA RICA,207.0
2018,4,2018Q4,All Banks,DOMINICAN REPUBLIC,228.0
2018,4,2018Q4,All Banks,ECUADOR,185.0
2018,4,2018Q4,All Banks,EL SALVADOR,164.0
2018,4,2018Q4,All Banks,GUATEMALA,807.0
2018,4,2018Q4,All Banks,HONDURAS,154.0
2018,4,2018Q4,All Banks,MEXICO,1048.0
2018,4,2018Q4,All Banks,PERU,495.0
2018,4,2018Q4,All Banks,URUGUAY,101.0
2018,4,2018Q4,All Banks,VENEZUELA,47.0
2018,4,2018Q4,All Banks,BAHAMAS,33.0
2018,4,2018Q4,All Banks,CAYMAN ISLANDS,500.0
2018,4,2018Q4,All Banks,PANAMA,498.0
2019,1,2019Q1,All Others,ANGUILLA,76.0
2019,1,2019Q1,All Others,ARGENTINA,2.0
2019,1,2019Q1,All Others,BRAZIL,85.0
2019,1,2019Q1,All Others,CHILE,13.0
2019,1,2019Q1,All Others,COLOMBIA,0.0
2019,1,2019Q1,All Others,COSTA RICA,10.0
2019,1,2019Q1,All Others,DOMINICAN REPUBLIC,15.0
2019,1,2019Q1,All Others,ECUADOR,18.0
2019,1,2019Q1,All Others,EL SALVADOR,16.0
2019,1,2019Q1,All Others,GUATEMALA,59.0
2019,1,2019Q1,All Others,HONDURAS,3.0
2019,1,2019Q1,All Others,MEXICO,22.0
2019,1,2019Q1,All Others,PERU,8.0
2019,1,2019Q1,All Others,URUGUAY,0.0
2019,1,2019Q1,All Others,VENEZUELA,54.0
2019,1,2019Q1,All Others,BAHAMAS,0.0
2019,1,2019Q1,All Others,CAYMAN ISLANDS,0.0
2019,1,2019Q1,All Others,PANAMA,122.0
2019,1,2019Q1,LFI,ANGUILLA,0.0
2019,1,2019Q1,LFI,ARGENTINA,317.0
2019,1,2019Q1,LFI,BRAZIL,6371.0
2019,1,2019Q1,LFI,CHILE,3245.0
2019,1,2019Q1,LFI,COLOMBIA,905.0
2019,1,2019Q1,LFI,COSTA RICA,224.0
2019,1,2019Q1,LFI,DOMINICAN REPUBLIC,155.0
2019,1,2019Q1,LFI,ECUADOR,152.0
2019,1,2019Q1,LFI,EL SALVADOR,103.0
2019,1,2019Q1,LFI,GUATEMALA,718.0
2019,1,2019Q1,LFI,HONDURAS,125.0
2019,1,2019Q1,LFI,MEXICO,1276.0
2019,1,2019Q1,LFI,PERU,736.0
2019,1,2019Q1,LFI,URUGUAY,35.0
2019,1,2019Q1,LFI,VENEZUELA,0.0
2019,1,2019Q1,LFI,BAHAMAS,59.0
2019,1,2019Q1,LFI,CAYMAN ISLANDS,225.0
2019,1,2019Q1,LFI,PANAMA,447.0
2019,1,2019Q1,All Banks,ANGUILLA,76.0
2019,1,2019Q1,All Banks,ARGENTINA,319.0
2019,1,2019Q1,All Banks,BRAZIL,6456.0
2019,1,2019Q1,All Banks,CHILE,3258.0
2019,1,2019Q1,All Banks,COLOMBIA,905.0
2019,1,2019Q1,All Banks,COSTA RICA,234.0
2019,1,2019Q1,All Banks,DOMINICAN REPUBLIC,170.0
2019,1,2019Q1,All Banks,ECUADOR,170.0
2019,1,2019Q1,All Banks,EL SALVADOR,119.0
2019,1,2019Q1,All Banks,GUATEMALA,777.0
2019,1,2019Q1,All Banks,HONDURAS,128.0
2019,1,2019Q1,All Banks,MEXICO,1298.0
2019,1,2019Q1,All Banks,PERU,744.0
2019,1,2019Q1,All Banks,URUGUAY,35.0
2019,1,2019Q1,All Banks,VENEZUELA,54.0
2019,1,2019Q1,All Banks,BAHAMAS,59.0
2019,1,2019Q1,All Banks,CAYMAN ISLANDS,225.0
2019,1,2019Q1,All Banks,PANAMA,569.0
2019,2,2019Q2,All Others,ANGUILLA,69.0
2019,2,2019Q2,All Others,ARGENTINA,0.0
2019,2,2019Q2,All Others,BRAZIL,103.0
2019,2,2019Q2,All Others,CHILE,19.0
2019,2,2019Q2,All Others,COLOMBIA,0.0
2019,2,2019Q2,All Others,COSTA RICA,10.0
2019,2,2019Q2,All Others,DOMINICAN REPUBLIC,24.0
2019,2,2019Q2,All Others,ECUADOR,38.0
2019,2,2019Q2,All Others,EL SALVADOR,5.0
2019,2,2019Q2,All Others,GUATEMALA,45.0
2019,2,2019Q2,All Others,HONDURAS,4.0
2019,2,2019Q2,All Others,MEXICO,7.0
2019,2,2019Q2,All Others,PERU,2.0
2019,2,2019Q2,All Others,URUGUAY,0.0
2019,2,2019Q2,All Others,VENEZUELA,54.0
2019,2,2019Q2,All Others,BAHAMAS,0.0
2019,2,2019Q2,All Others,CAYMAN ISLANDS,0.0
2019,2,2019Q2,All Others,PANAMA,115.0
2019,2,2019Q2,LFI,ANGUILLA,0.0
2019,2,2019Q2,LFI,ARGENTINA,290.0
2019,2,2019Q2,LFI,BRAZIL,6819.0
2019,2,2019Q2,LFI,CHILE,3462.0
2019,2,2019Q2,LFI,COLOMBIA,619.0
2019,2,2019Q2,LFI,COSTA RICA,223.0
2019,2,2019Q2,LFI,DOMINICAN REPUBLIC,215.0
2019,2,2019Q2,LFI,ECUADOR,153.0
2019,2,2019Q2,LFI,EL SALVADOR,75.0
2019,2,2019Q2,LFI,GUATEMALA,732.0
2019,2,2019Q2,LFI,HONDURAS,147.0
2019,2,2019Q2,LFI,MEXICO,1383.0
2019,2,2019Q2,LFI,PERU,694.0
2019,2,2019Q2,LFI,URUGUAY,142.0
2019,2,2019Q2,LFI,VENEZUELA,0.0
2019,2,2019Q2,LFI,BAHAMAS,32.0
2019,2,2019Q2,LFI,CAYMAN ISLANDS,326.0
2019,2,2019Q2,LFI,PANAMA,360.0
2019,2,2019Q2,All Banks,ANGUILLA,69.0
2019,2,2019Q2,All Banks,ARGENTINA,290.0
2019,2,2019Q2,All Banks,BRAZIL,6922.0
2019,2,2019Q2,All Banks,CHILE,3481.0
2019,2,2019Q2,All Banks,COLOMBIA,619.0
2019,2,2019Q2,All Banks,COSTA RICA,233.0
2019,2,2019Q2,All Banks,DOMINICAN REPUBLIC,239.0
2019,2,2019Q2,All Banks,ECUADOR,191.0
2019,2,2019Q2,All Banks,EL SALVADOR,80.0
2019,2,2019Q2,All Banks,GUATEMALA,777.0
2019,2,2019Q2,All Banks,HONDURAS,151.0
2019,2,2019Q2,All Banks,MEXICO,1390.0
2019,2,2019Q2,All Banks,PERU,696.0
2019,2,2019Q2,All Banks,URUGUAY,142.0
2019,2,2019Q2,All Banks,VENEZUELA,54.0
2019,2,2019Q2,All Banks,BAHAMAS,32.0
2019,2,2019Q2,All Banks,CAYMAN ISLANDS,326.0
2019,2,2019Q2,All Banks,PANAMA,475.0
2019,3,2019Q3,All Others,ANGUILLA,73.0
2019,3,2019Q3,All Others,ARGENTINA,2.0
2019,3,2019Q3,All Others,BRAZIL,138.0
2019,3,2019Q3,All Others,CHILE,14.0
2019,3,2019Q3,All Others,COLOMBIA,0.0
2019,3,2019Q3,All Others,COSTA RICA,0.0
2019,3,2019Q3,All Others,DOMINICAN REPUBLIC,5.0
2019,3,2019Q3,All Others,ECUADOR,19.0
2019,3,2019Q3,All Others,EL SALVADOR,0.0
2019,3,2019Q3,All Others,GUATEMALA,37.0
2019,3,2019Q3,All Others,HONDURAS,2.0
2019,3,2019Q3,All Others,MEXICO,17.0
2019,3,2019Q3,All Others,PERU,0.0
2019,3,2019Q3,All Others,URUGUAY,0.0
2019,3,2019Q3,All Others,VENEZUELA,46.0
2019,3,2019Q3,All Others,BAHAMAS,0.0
2019,3,2019Q3,All Others,CAYMAN ISLANDS,13.0
2019,3,2019Q3,All Others,PANAMA,112.0
2019,3,2019Q3,LFI,ANGUILLA,0.0
2019,3,2019Q3,LFI,ARGENTINA,342.0
2019,3,2019Q3,LFI,BRAZIL,7004.0
2019,3,2019Q3,LFI,CHILE,3281.0
2019,3,2019Q3,LFI,COLOMBIA,777.0
2019,3,2019Q3,LFI,COSTA RICA,187.0
2019,3,2019Q3,LFI,DOMINICAN REPUBLIC,215.0
2019,3,2019Q3,LFI,ECUADOR,137.0
2019,3,2019Q3,LFI,EL SALVADOR,137.0
2019,3,2019Q3,LFI,GUATEMALA,760.0
2019,3,2019Q3,LFI,HONDURAS,150.0
2019,3,2019Q3,LFI,MEXICO,1351.0
2019,3,2019Q3,LFI,PERU,644.0
2019,3,2019Q3,LFI,URUGUAY,22.0
2019,3,2019Q3,LFI,VENEZUELA,0.0
2019,3,2019Q3,LFI,BAHAMAS,42.0
2019,3,2019Q3,LFI,CAYMAN ISLANDS,181.0
2019,3,2019Q3,LFI,PANAMA,312.0
2019,3,2019Q3,All Banks,ANGUILLA,73.0
2019,3,2019Q3,All Banks,ARGENTINA,344.0
2019,3,2019Q3,All Banks,BRAZIL,7142.0
2019,3,2019Q3,All Banks,CHILE,3295.0
2019,3,2019Q3,All Banks,COLOMBIA,777.0
2019,3,2019Q3,All Banks,COSTA RICA,187.0
2019,3,2019Q3,All Banks,DOMINICAN REPUBLIC,220.0
2019,3,2019Q3,All Banks,ECUADOR,156.0
2019,3,2019Q3,All Banks,EL SALVADOR,137.0
2019,3,2019Q3,All Banks,GUATEMALA,797.0
2019,3,2019Q3,All Banks,HONDURAS,152.0
2019,3,2019Q3,All Banks,MEXICO,1368.0
2019,3,2019Q3,All Banks,PERU,644.0
2019,3,2019Q3,All Banks,URUGUAY,22.0
2019,3,2019Q3,All Banks,VENEZUELA,46.0
2019,3,2019Q3,All Banks,BAHAMAS,42.0
2019,3,2019Q3,All Banks,CAYMAN ISLANDS,194.0
2019,3,2019Q3,All Banks,PANAMA,424.0
2019,4,2019Q4,All Others,ANGUILLA,72.0
2019,4,2019Q4,All Others,ARGENTINA,0.0
2019,4,2019Q4,All Others,BRAZIL,96.0
2019,4,2019Q4,All Others,CHILE,10.0
2019,4,2019Q4,All Others,COLOMBIA,0.0
2019,4,2019Q4,All Others,COSTA RICA,9.0
2019,4,2019Q4,All Others,DOMINICAN REPUBLIC,1.0
2019,4,2019Q4,All Others,ECUADOR,20.0
2019,4,2019Q4,All Others,EL SALVADOR,0.0
2019,4,2019Q4,All Others,GUATEMALA,38.0
2019,4,2019Q4,All Others,HONDURAS,2.0
2019,4,2019Q4,All Others,MEXICO,54.0
2019,4,2019Q4,All Others,PERU,0.0
2019,4,2019Q4,All Others,URUGUAY,0.0
2019,4,2019Q4,All Others,VENEZUELA,31.0
2019,4,2019Q4,All Others,BAHAMAS,0.0
2019,4,2019Q4,All Others,CAYMAN ISLANDS,22.0
2019,4,2019Q4,All Others,PANAMA,128.0
2019,4,2019Q4,LFI,ANGUILLA,0.0
2019,4,2019Q4,LFI,ARGENTINA,359.0
2019,4,2019Q4,LFI,BRAZIL,6909.0
2019,4,2019Q4,LFI,CHILE,3579.0
2019,4,2019Q4,LFI,COLOMBIA,755.0
2019,4,2019Q4,LFI,COSTA RICA,137.0
2019,4,2019Q4,LFI,DOMINICAN REPUBLIC,156.0
2019,4,2019Q4,LFI,ECUADOR,132.0
2019,4,2019Q4,LFI,EL SALVADOR,124.0
2019,4,2019Q4,LFI,GUATEMALA,649.0
2019,4,2019Q4,LFI,HONDURAS,160.0
2019,4,2019Q4,LFI,MEXICO,1295.0
2019,4,2019Q4,LFI,PERU,962.0
2019,4,2019Q4,LFI,URUGUAY,199.0
2019,4,2019Q4,LFI,VENEZUELA,0.0
2019,4,2019Q4,LFI,BAHAMAS,31.0
2019,4,2019Q4,LFI,CAYMAN ISLANDS,97.0
2019,4,2019Q4,LFI,PANAMA,374.0
2019,4,2019Q4,All Banks,ANGUILLA,72.0
2019,4,2019Q4,All Banks,ARGENTINA,359.0
2019,4,2019Q4,All Banks,BRAZIL,7005.0
2019,4,2019Q4,All Banks,CHILE,3589.0
2019,4,2019Q4,All Banks,COLOMBIA,755.0
2019,4,2019Q4,All Banks,COSTA RICA,146.0
2019,4,2019Q4,All Banks,DOMINICAN REPUBLIC,157.0
2019,4,2019Q4,All Banks,ECUADOR,152.0
2019,4,2019Q4,All Banks,EL SALVADOR,124.0
2019,4,2019Q4,All Banks,GUATEMALA,687.0
2019,4,2019Q4,All Banks,HONDURAS,162.0
2019,4,2019Q4,All Banks,MEXICO,1349.0
2019,4,2019Q4,All Banks,PERU,962.0
2019,4,2019Q4,All Banks,URUGUAY,199.0
2019,4,2019Q4,All Banks,VENEZUELA,31.0
2019,4,2019Q4,All Banks,BAHAMAS,31.0
2019,4,2019Q4,All Banks,CAYMAN ISLANDS,119.0
2019,4,2019Q4,All Banks,PANAMA,502.0
2020,1,2020Q1,All Others,ANGUILLA,66.0
2020,1,2020Q1,All Others,ARGENTINA,1.0
2020,1,2020Q1,All Others,BRAZIL,128.0
2020,1,2020Q1,All Others,CHILE,20.0
2020,1,2020Q1,All Others,COLOMBIA,15.0
2020,1,2020Q1,All Others,COSTA RICA,13.0
2020,1,2020Q1,All Others,DOMINICAN REPUBLIC,0.0
2020,1,2020Q1,All Others,ECUADOR,29.0
2020,1,2020Q1,All Others,EL SALVADOR,2.0
2020,1,2020Q1,All Others,GUATEMALA,41.0
2020,1,2020Q1,All Others,HONDURAS,2.0
2020,1,2020Q1,All Others,MEXICO,81.0
2020,1,2020Q1,All Others,PERU,0.0
2020,1,2020Q1,All Others,URUGUAY,5.0
2020,1,2020Q1,All Others,VENEZUELA,31.0
2020,1,2020Q1,All Others,BAHAMAS,0.0
2020,1,2020Q1,All Others,CAYMAN ISLANDS,12.0
2020,1,2020Q1,All Others,PANAMA,132.0
2020,1,2020Q1,LFI,ANGUILLA,0.0
2020,1,2020Q1,LFI,ARGENTINA,269.0
2020,1,2020Q1,LFI,BRAZIL,6885.0
2020,1,2020Q1,LFI,CHILE,3364.0
2020,1,2020Q1,LFI,COLOMBIA,782.0
2020,1,2020Q1,LFI,COSTA RICA,112.0
2020,1,2020Q1,LFI,DOMINICAN REPUBLIC,237.0
2020,1,2020Q1,LFI,ECUADOR,98.0
2020,1,2020Q1,LFI,EL SALVADOR,147.0
2020,1,2020Q1,LFI,GUATEMALA,717.0
2020,1,2020Q1,LFI,HONDURAS,172.0
2020,1,2020Q1,LFI,MEXICO,900.0
2020,1,2020Q1,LFI,PERU,1040.0
2020,1,2020Q1,LFI,URUGUAY,74.0
2020,1,2020Q1,LFI,VENEZUELA,1.0
2020,1,2020Q1,LFI,BAHAMAS,30.0
2020,1,2020Q1,LFI,CAYMAN ISLANDS,52.0
2020,1,2020Q1,LFI,PANAMA,353.0
2020,1,2020Q1,All Banks,ANGUILLA,66.0
2020,1,2020Q1,All Banks,ARGENTINA,270.0
2020,1,2020Q1,All Banks,BRAZIL,7013.0
2020,1,2020Q1,All Banks,CHILE,3384.0
2020,1,2020Q1,All Banks,COLOMBIA,797.0
2020,1,2020Q1,All Banks,COSTA RICA,125.0
2020,1,2020Q1,All Banks,DOMINICAN REPUBLIC,237.0
2020,1,2020Q1,All Banks,ECUADOR,127.0
2020,1,2020Q1,All Banks,EL SALVADOR,149.0
2020,1,2020Q1,All Banks,GUATEMALA,758.0
2020,1,2020Q1,All Banks,HONDURAS,174.0
2020,1,2020Q1,All Banks,MEXICO,981.0
2020,1,2020Q1,All Banks,PERU,1040.0
2020,1,2020Q1,All Banks,URUGUAY,79.0
2020,1,2020Q1,All Banks,VENEZUELA,32.0
2020,1,2020Q1,All Banks,BAHAMAS,30.0
2020,1,2020Q1,All Banks,CAYMAN ISLANDS,64.0
2020,1,2020Q1,All Banks,PANAMA,485.0
2020,2,2020Q2,All Others,ANGUILLA,58.0
2020,2,2020Q2,All Others,ARGENTINA,1.0
2020,2,2020Q2,All Others,BRAZIL,1489.0
2020,2,2020Q2,All Others,CHILE,548.0
2020,2,2020Q2,All Others,COLOMBIA,70.0
2020,2,2020Q2,All Others,COSTA RICA,10.0
2020,2,2020Q2,All Others,DOMINICAN REPUBLIC,20.0
2020,2,2020Q2,All Others,ECUADOR,30.0
2020,2,2020Q2,All Others,EL SALVADOR,5.0
2020,2,2020Q2,All Others,GUATEMALA,92.0
2020,2,2020Q2,All Others,HONDURAS,2.0
2020,2,2020Q2,All Others,MEXICO,95.0
2020,2,2020Q2,All Others,PERU,157.0
2020,2,2020Q2,All Others,URUGUAY,0.0
2020,2,2020Q2,All Others,VENEZUELA,16.0
2020,2,2020Q2,All Others,BAHAMAS,0.0
2020,2,2020Q2,All Others,CAYMAN ISLANDS,2.0
2020,2,2020Q2,All Others,PANAMA,115.0
2020,2,2020Q2,LFI,ANGUILLA,0.0
2020,2,2020Q2,LFI,ARGENTINA,223.0
2020,2,2020Q2,LFI,BRAZIL,3759.0
2020,2,2020Q2,LFI,CHILE,1829.0
2020,2,2020Q2,LFI,COLOMBIA,474.0
2020,2,2020Q2,LFI,COSTA RICA,125.0
2020,2,2020Q2,LFI,DOMINICAN REPUBLIC,167.0
2020,2,2020Q2,LFI,ECUADOR,108.0
2020,2,2020Q2,LFI,EL SALVADOR,157.0
2020,2,2020Q2,LFI,GUATEMALA,595.0
2020,2,2020Q2,LFI,HONDURAS,171.0
2020,2,2020Q2,LFI,MEXICO,624.0
2020,2,2020Q2,LFI,PERU,515.0
2020,2,2020Q2,LFI,URUGUAY,166.0
2020,2,2020Q2,LFI,VENEZUELA,1.0
2020,2,2020Q2,LFI,BAHAMAS,23.0
2020,2,2020Q2,LFI,CAYMAN ISLANDS,166.0
2020,2,2020Q2,LFI,PANAMA,402.0
2020,2,2020Q2,All Banks,ANGUILLA,58.0
2020,2,2020Q2,All Banks,ARGENTINA,224.0
2020,2,2020Q2,All Banks,BRAZIL,5248.0
2020,2,2020Q2,All Banks,CHILE,2377.0
2020,2,2020Q2,All Banks,COLOMBIA,544.0
2020,2,2020Q2,All Banks,COSTA RICA,135.0
2020,2,2020Q2,All Banks,DOMINICAN REPUBLIC,187.0
2020,2,2020Q2,All Banks,ECUADOR,138.0
2020,2,2020Q2,All Banks,EL SALVADOR,162.0
2020,2,2020Q2,All Banks,GUATEMALA,687.0
2020,2,2020Q2,All Banks,HONDURAS,173.0
2020,2,2020Q2,All Banks,MEXICO,719.0
2020,2,2020Q2,All Banks,PERU,672.0
2020,2,2020Q2,All Banks,URUGUAY,166.0
2020,2,2020Q2,All Banks,VENEZUELA,17.0
2020,2,2020Q2,All Banks,BAHAMAS,23.0
2020,2,2020Q2,All Banks,CAYMAN ISLANDS,168.0
2020,2,2020Q2,All Banks,PANAMA,517.0
2020,3,2020Q3,All Others,ANGUILLA,33.0
2020,3,2020Q3,All Others,ARGENTINA,1.0
2020,3,2020Q3,All Others,BRAZIL,1308.0
2020,3,2020Q3,All Others,CHILE,406.0
2020,3,2020Q3,All Others,COLOMBIA,83.0
2020,3,2020Q3,All Others,COSTA RICA,10.0
2020,3,2020Q3,All Others,DOMINICAN REPUBLIC,5.0
2020,3,2020Q3,All Others,ECUADOR,34.0
2020,3,2020Q3,All Others,EL SALVADOR,12.0
2020,3,2020Q3,All Others,GUATEMALA,65.0
2020,3,2020Q3,All Others,HONDURAS,5.0
2020,3,2020Q3,All Others,MEXICO,51.0
2020,3,2020Q3,All Others,PERU,202.0
2020,3,2020Q3,All Others,URUGUAY,0.0
2020,3,2020Q3,All Others,VENEZUELA,12.0
2020,3,2020Q3,All Others,BAHAMAS,0.0
2020,3,2020Q3,All Others,CAYMAN ISLANDS,22.0
2020,3,2020Q3,All Others,PANAMA,116.0
2020,3,2020Q3,LFI,ANGUILLA,0.0
2020,3,2020Q3,LFI,ARGENTINA,126.0
2020,3,2020Q3,LFI,BRAZIL,3519.0
2020,3,2020Q3,LFI,CHILE,1217.0
2020,3,2020Q3,LFI,COLOMBIA,477.0
2020,3,2020Q3,LFI,COSTA RICA,91.0
2020,3,2020Q3,LFI,DOMINICAN REPUBLIC,92.0
2020,3,2020Q3,LFI,ECUADOR,73.0
2020,3,2020Q3,LFI,EL SALVADOR,142.0
2020,3,2020Q3,LFI,GUATEMALA,486.0
2020,3,2020Q3,LFI,HONDURAS,130.0
2020,3,2020Q3,LFI,MEXICO,477.0
2020,3,2020Q3,LFI,PERU,355.0
2020,3,2020Q3,LFI,URUGUAY,82.0
2020,3,2020Q3,LFI,VENEZUELA,0.0
2020,3,2020Q3,LFI,BAHAMAS,51.0
2020,3,2020Q3,LFI,CAYMAN ISLANDS,102.0
2020,3,2020Q3,LFI,PANAMA,462.0
2020,3,2020Q3,All Banks,ANGUILLA,33.0
2020,3,2020Q3,All Banks,ARGENTINA,127.0
2020,3,2020Q3,All Banks,BRAZIL,4827.0
2020,3,2020Q3,All Banks,CHILE,1623.0
2020,3,2020Q3,All Banks,COLOMBIA,560.0
2020,3,2020Q3,All Banks,COSTA RICA,101.0
2020,3,2020Q3,All Banks,DOMINICAN REPUBLIC,97.0
2020,3,2020Q3,All Banks,ECUADOR,107.0
2020,3,2020Q3,All Banks,EL SALVADOR,154.0
2020,3,2020Q3,All Banks,GUATEMALA,551.0
2020,3,2020Q3,All Banks,HONDURAS,135.0
2020,3,2020Q3,All Banks,MEXICO,528.0
2020,3,2020Q3,All Banks,PERU,557.0
2020,3,2020Q3,All Banks,URUGUAY,82.0
2020,3,2020Q3,All Banks,VENEZUELA,12.0
2020,3,2020Q3,All Banks,BAHAMAS,51.0
2020,3,2020Q3,All Banks,CAYMAN ISLANDS,124.0
2020,3,2020Q3,All Banks,PANAMA,578.0
2020,4,2020Q4,All Others,ANGUILLA,31.0
2020,4,2020Q4,All Others,ARGENTINA,1.0
2020,4,2020Q4,All Others,BRAZIL,1113.0
2020,4,2020Q4,All Others,CHILE,285.0
2020,4,2020Q4,All Others,COLOMBIA,53.0
2020,4,2020Q4,All Others,COSTA RICA,10.0
2020,4,2020Q4,All Others,DOMINICAN REPUBLIC,5.0
2020,4,2020Q4,All Others,ECUADOR,48.0
2020,4,2020Q4,All Others,EL SALVADOR,10.0
2020,4,2020Q4,All Others,GUATEMALA,35.0
2020,4,2020Q4,All Others,HONDURAS,5.0
2020,4,2020Q4,All Others,MEXICO,20.0
2020,4,2020Q4,All Others,PERU,57.0
2020,4,2020Q4,All Others,URUGUAY,0.0
2020,4,2020Q4,All Others,VENEZUELA,10.0
2020,4,2020Q4,All Others,BAHAMAS,0.0
2020,4,2020Q4,All Others,CAYMAN ISLANDS,22.0
2020,4,2020Q4,All Others,PANAMA,45.0
2020,4,2020Q4,LFI,ANGUILLA,0.0
2020,4,2020Q4,LFI,ARGENTINA,25.0
2020,4,2020Q4,LFI,BRAZIL,2887.0
2020,4,2020Q4,LFI,CHILE,678.0
2020,4,2020Q4,LFI,COLOMBIA,252.0
2020,4,2020Q4,LFI,COSTA RICA,86.0
2020,4,2020Q4,LFI,DOMINICAN REPUBLIC,109.0
2020,4,2020Q4,LFI,ECUADOR,61.0
2020,4,2020Q4,LFI,EL SALVADOR,137.0
2020,4,2020Q4,LFI,GUATEMALA,417.0
2020,4,2020Q4,LFI,HONDURAS,84.0
2020,4,2020Q4,LFI,MEXICO,423.0
2020,4,2020Q4,LFI,PERU,248.0
2020,4,2020Q4,LFI,URUGUAY,69.0
2020,4,2020Q4,LFI,VENEZUELA,13.0
2020,4,2020Q4,LFI,BAHAMAS,31.0
2020,4,2020Q4,LFI,CAYMAN ISLANDS,248.0
2020,4,2020Q4,LFI,PANAMA,270.0
2020,4,2020Q4,All Banks,ANGUILLA,31.0
2020,4,2020Q4,All Banks,ARGENTINA,26.0
2020,4,2020Q4,All Banks,BRAZIL,4000.0
2020,4,2020Q4,All Banks,CHILE,963.0
2020,4,2020Q4,All Banks,COLOMBIA,305.0
2020,4,2020Q4,All Banks,COSTA RICA,96.0
2020,4,2020Q4,All Banks,DOMINICAN REPUBLIC,114.0
2020,4,2020Q4,All Banks,ECUADOR,109.0
2020,4,2020Q4,All Banks,EL SALVADOR,147.0
2020,4,2020Q4,All Banks,GUATEMALA,452.0
2020,4,2020Q4,All Banks,HONDURAS,89.0
2020,4,2020Q4,All Banks,MEXICO,443.0
2020,4,2020Q4,All Banks,PERU,305.0
2020,4,2020Q4,All Banks,URUGUAY,69.0
2020,4,2020Q4,All Banks,VENEZUELA,23.0
2020,4,2020Q4,All Banks,BAHAMAS,31.0
2020,4,2020Q4,All Banks,CAYMAN ISLANDS,270.0
2020,4,2020Q4,All Banks,PANAMA,315.0
2021,1,2021Q1,All Others,ANGUILLA,36.0
2021,1,2021Q1,All Others,ARGENTINA,0.0
2021,1,2021Q1,All Others,BRAZIL,1096.0
2021,1,2021Q1,All Others,CHILE,463.0
2021,1,2021Q1,All Others,COLOMBIA,0.0
2021,1,2021Q1,All Others,COSTA RICA,21.0
2021,1,2021Q1,All Others,DOMINICAN REPUBLIC,0.0
2021,1,2021Q1,All Others,ECUADOR,61.0
2021,1,2021Q1,All Others,EL SALVADOR,1.0
2021,1,2021Q1,All Others,GUATEMALA,72.0
2021,1,2021Q1,All Others,HONDURAS,4.0
2021,1,2021Q1,All Others,MEXICO,35.0
2021,1,2021Q1,All Others,PERU,73.0
2021,1,2021Q1,All Others,URUGUAY,0.0
2021,1,2021Q1,All Others,VENEZUELA,7.0
2021,1,2021Q1,All Others,BAHAMAS,0.0
2021,1,2021Q1,All Others,CAYMAN ISLANDS,1163.0
2021,1,2021Q1,All Others,PANAMA,22.0
2021,1,2021Q1,LFI,ANGUILLA,0.0
2021,1,2021Q1,LFI,ARGENTINA,32.0
2021,1,2021Q1,LFI,BRAZIL,2890.0
2021,1,2021Q1,LFI,CHILE,521.0
2021,1,2021Q1,LFI,COLOMBIA,260.0
2021,1,2021Q1,LFI,COSTA RICA,71.0
2021,1,2021Q1,LFI,DOMINICAN REPUBLIC,113.0
2021,1,2021Q1,LFI,ECUADOR,19.0
2021,1,2021Q1,LFI,EL SALVADOR,111.0
2021,1,2021Q1,LFI,GUATEMALA,355.0
2021,1,2021Q1,LFI,HONDURAS,112.0
2021,1,2021Q1,LFI,MEXICO,434.0
2021,1,2021Q1,LFI,PERU,246.0
2021,1,2021Q1,LFI,URUGUAY,96.0
2021,1,2021Q1,LFI,VENEZUELA,0.0
2021,1,2021Q1,LFI,BAHAMAS,40.0
2021,1,2021Q1,LFI,CAYMAN ISLANDS,141.0
2021,1,2021Q1,LFI,PANAMA,220.0
2021,1,2021Q1,All Banks,ANGUILLA,36.0
2021,1,2021Q1,All Banks,ARGENTINA,32.0
2021,1,2021Q1,All Banks,BRAZIL,3986.0
2021,1,2021Q1,All Banks,CHILE,984.0
2021,1,2021Q1,All Banks,COLOMBIA,260.0
2021,1,2021Q1,All Banks,COSTA RICA,92.0
2021,1,2021Q1,All Banks,DOMINICAN REPUBLIC,113.0
2021,1,2021Q1,All Banks,ECUADOR,80.0
2021,1,2021Q1,All Banks,EL SALVADOR,112.0
2021,1,2021Q1,All Banks,GUATEMALA,427.0
2021,1,2021Q1,All Banks,HONDURAS,116.0
2021,1,2021Q1,All Banks,MEXICO,469.0
2021,1,2021Q1,All Banks,PERU,319.0
2021,1,2021Q1,All Banks,URUGUAY,96.0
2021,1,2021Q1,All Banks,VENEZUELA,7.0
2021,1,2021Q1,All Banks,BAHAMAS,40.0
2021,1,2021Q1,All Banks,CAYMAN ISLANDS,1304.0
2021,1,2021Q1,All Banks,PANAMA,242.0
2021,2,2021Q2,All Others,ANGUILLA,23.0
2021,2,2021Q2,All Others,ARGENTINA,0.0
2021,2,2021Q2,All Others,BRAZIL,1141.0
2021,2,2021Q2,All Others,CHILE,478.0
2021,2,2021Q2,All Others,COLOMBIA,1.0
2021,2,2021Q2,All Others,COSTA RICA,10.0
2021,2,2021Q2,All Others,DOMINICAN REPUBLIC,10.0
2021,2,2021Q2,All Others,ECUADOR,68.0
2021,2,2021Q2,All Others,EL SALVADOR,0.0
2021,2,2021Q2,All Others,GUATEMALA,77.0
2021,2,2021Q2,All Others,HONDURAS,13.0
2021,2,2021Q2,All Others,MEXICO,28.0
2021,2,2021Q2,All Others,PERU,23.0
2021,2,2021Q2,All Others,URUGUAY,0.0
2021,2,2021Q2,All Others,VENEZUELA,7.0
2021,2,2021Q2,All Others,BAHAMAS,0.0
2021,2,2021Q2,All Others,CAYMAN ISLANDS,65.0
2021,2,2021Q2,All Others,PANAMA,20.0
2021,2,2021Q2,LFI,ANGUILLA,0.0
2021,2,2021Q2,LFI,ARGENTINA,32.0
2021,2,2021Q2,LFI,BRAZIL,2776.0
2021,2,2021Q2,LFI,CHILE,734.0
2021,2,2021Q2,LFI,COLOMBIA,271.0
2021,2,2021Q2,LFI,COSTA RICA,60.0
2021,2,2021Q2,LFI,DOMINICAN REPUBLIC,111.0
2021,2,2021Q2,LFI,ECUADOR,15.0
2021,2,2021Q2,LFI,EL SALVADOR,101.0
2021,2,2021Q2,LFI,GUATEMALA,257.0
2021,2,2021Q2,LFI,HONDURAS,128.0
2021,2,2021Q2,LFI,MEXICO,518.0
2021,2,2021Q2,LFI,PERU,335.0
2021,2,2021Q2,LFI,URUGUAY,205.0
2021,2,2021Q2,LFI,VENEZUELA,0.0
2021,2,2021Q2,LFI,BAHAMAS,72.0
2021,2,2021Q2,LFI,CAYMAN ISLANDS,286.0
2021,2,2021Q2,LFI,PANAMA,248.0
2021,2,2021Q2,All Banks,ANGUILLA,23.0
2021,2,2021Q2,All Banks,ARGENTINA,32.0
2021,2,2021Q2,All Banks,BRAZIL,3917.0
2021,2,2021Q2,All Banks,CHILE,1212.0
2021,2,2021Q2,All Banks,COLOMBIA,272.0
2021,2,2021Q2,All Banks,COSTA RICA,70.0
2021,2,2021Q2,All Banks,DOMINICAN REPUBLIC,121.0
2021,2,2021Q2,All Banks,ECUADOR,83.0
2021,2,2021Q2,All Banks,EL SALVADOR,101.0
2021,2,2021Q2,All Banks,GUATEMALA,334.0
2021,2,2021Q2,All Banks,HONDURAS,141.0
2021,2,2021Q2,All Banks,MEXICO,546.0
2021,2,2021Q2,All Banks,PERU,358.0
2021,2,2021Q2,All Banks,URUGUAY,205.0
2021,2,2021Q2,All Banks,VENEZUELA,7.0
2021,2,2021Q2,All Banks,BAHAMAS,72.0
2021,2,2021Q2,All Banks,CAYMAN ISLANDS,351.0
2021,2,2021Q2,All Banks,PANAMA,268.0
2021,3,2021Q3,All Others,ANGUILLA,32.0
2021,3,2021Q3,All Others,ARGENTINA,0.0
2021,3,2021Q3,All Others,BRAZIL,1123.0
2021,3,2021Q3,All Others,CHILE,359.0
2021,3,2021Q3,All Others,COLOMBIA,5.0
2021,3,2021Q3,All Others,COSTA RICA,0.0
2021,3,2021Q3,All Others,DOMINICAN REPUBLIC,0.0
2021,3,2021Q3,All Others,ECUADOR,65.0
2021,3,2021Q3,All Others,EL SALVADOR,4.0
2021,3,2021Q3,All Others,GUATEMALA,35.0
2021,3,2021Q3,All Others,HONDURAS,10.0
2021,3,2021Q3,All Others,MEXICO,37.0
2021,3,2021Q3,All Others,PERU,23.0
2021,3,2021Q3,All Others,URUGUAY,0.0
2021,3,2021Q3,All Others,VENEZUELA,6.0
2021,3,2021Q3,All Others,BAHAMAS,0.0
2021,3,2021Q3,All Others,CAYMAN ISLANDS,35.0
2021,3,2021Q3,All Others,PANAMA,22.0
2021,3,2021Q3,LFI,ANGUILLA,0.0
2021,3,2021Q3,LFI,ARGENTINA,127.0
2021,3,2021Q3,LFI,BRAZIL,3142.0
2021,3,2021Q3,LFI,CHILE,787.0
2021,3,2021Q3,LFI,COLOMBIA,357.0
2021,3,2021Q3,LFI,COSTA RICA,61.0
2021,3,2021Q3,LFI,DOMINICAN REPUBLIC,76.0
2021,3,2021Q3,LFI,ECUADOR,61.0
2021,3,2021Q3,LFI,EL SALVADOR,124.0
2021,3,2021Q3,LFI,GUATEMALA,267.0
2021,3,2021Q3,LFI,HONDURAS,115.0
2021,3,2021Q3,LFI,MEXICO,549.0
2021,3,2021Q3,LFI,PERU,591.0
2021,3,2021Q3,LFI,URUGUAY,105.0
2021,3,2021Q3,LFI,VENEZUELA,0.0
2021,3,2021Q3,LFI,BAHAMAS,96.0
2021,3,2021Q3,LFI,CAYMAN ISLANDS,249.0
2021,3,2021Q3,LFI,PANAMA,208.0
2021,3,2021Q3,All Banks,ANGUILLA,32.0
2021,3,2021Q3,All Banks,ARGENTINA,127.0
2021,3,2021Q3,All Banks,BRAZIL,4265.0
2021,3,2021Q3,All Banks,CHILE,1146.0
2021,3,2021Q3,All Banks,COLOMBIA,362.0
2021,3,2021Q3,All Banks,COSTA RICA,61.0
2021,3,2021Q3,All Banks,DOMINICAN REPUBLIC,76.0
2021,3,2021Q3,All Banks,ECUADOR,126.0
2021,3,2021Q3,All Banks,EL SALVADOR,128.0
2021,3,2021Q3,All Banks,GUATEMALA,302.0
2021,3,2021Q3,All Banks,HONDURAS,125.0
2021,3,2021Q3,All Banks,MEXICO,586.0
2021,3,2021Q3,All Banks,PERU,614.0
2021,3,2021Q3,All Banks,URUGUAY,105.0
2021,3,2021Q3,All Banks,VENEZUELA,6.0
2021,3,2021Q3,All Banks,BAHAMAS,96.0
2021,3,2021Q3,All Banks,CAYMAN ISLANDS,284.0
2021,3,2021Q3,All Banks,PANAMA,230.0
2021,4,2021Q4,All Others,ANGUILLA,27.0
2021,4,2021Q4,All Others,ARGENTINA,0.0
2021,4,2021Q4,All Others,BRAZIL,1033.0
2021,4,2021Q4,All Others,CHILE,432.0
2021,4,2021Q4,All Others,COLOMBIA,14.0
2021,4,2021Q4,All Others,COSTA RICA,12.0
2021,4,2021Q4,All Others,DOMINICAN REPUBLIC,10.0
2021,4,2021Q4,All Others,ECUADOR,43.0
2021,4,2021Q4,All Others,EL SALVADOR,15.0
2021,4,2021Q4,All Others,GUATEMALA,96.0
2021,4,2021Q4,All Others,HONDURAS,0.0
2021,4,2021Q4,All Others,MEXICO,73.0
2021,4,2021Q4,All Others,PERU,32.0
2021,4,2021Q4,All Others,URUGUAY,0.0
2021,4,2021Q4,All Others,VENEZUELA,6.0
2021,4,2021Q4,All Others,BAHAMAS,0.0
2021,4,2021Q4,All Others,CAYMAN ISLANDS,5.0
2021,4,2021Q4,All Others,PANAMA,5.0
2021,4,2021Q4,LFI,ANGUILLA,0.0
2021,4,2021Q4,LFI,ARGENTINA,128.0
2021,4,2021Q4,LFI,BRAZIL,3284.0
2021,4,2021Q4,LFI,CHILE,949.0
2021,4,2021Q4,LFI,COLOMBIA,382.0
2021,4,2021Q4,LFI,COSTA RICA,67.0
2021,4,2021Q4,LFI,DOMINICAN REPUBLIC,96.0
2021,4,2021Q4,LFI,ECUADOR,92.0
2021,4,2021Q4,LFI,EL SALVADOR,154.0
2021,4,2021Q4,LFI,GUATEMALA,288.0
2021,4,2021Q4,LFI,HONDURAS,148.0
2021,4,2021Q4,LFI,MEXICO,945.0
2021,4,2021Q4,LFI,PERU,549.0
2021,4,2021Q4,LFI,URUGUAY,197.0
2021,4,2021Q4,LFI,VENEZUELA,0.0
2021,4,2021Q4,LFI,BAHAMAS,65.0
2021,4,2021Q4,LFI,CAYMAN ISLANDS,32.0
2021,4,2021Q4,LFI,PANAMA,182.0
2021,4,2021Q4,All Banks,ANGUILLA,27.0
2021,4,2021Q4,All Banks,ARGENTINA,128.0
2021,4,2021Q4,All Banks,BRAZIL,4317.0
2021,4,2021Q4,All Banks,CHILE,1381.0
2021,4,2021Q4,All Banks,COLOMBIA,396.0
2021,4,2021Q4,All Banks,COSTA RICA,79.0
2021,4,2021Q4,All Banks,DOMINICAN REPUBLIC,106.0
2021,4,2021Q4,All Banks,ECUADOR,135.0
2021,4,2021Q4,All Banks,EL SALVADOR,169.0
2021,4,2021Q4,All Banks,GUATEMALA,384.0
2021,4,2021Q4,All Banks,HONDURAS,148.0
2021,4,2021Q4,All Banks,MEXICO,1018.0
2021,4,2021Q4,All Banks,PERU,581.0
2021,4,2021Q4,All Banks,URUGUAY,197.0
2021,4,2021Q4,All Banks,VENEZUELA,6.0
2021,4,2021Q4,All Banks,BAHAMAS,65.0
2021,4,2021Q4,All Banks,CAYMAN ISLANDS,37.0
2021,4,2021Q4,All Banks,PANAMA,187.0
2022,1,2022Q1,All Others,ANGUILLA,40.0
2022,1,2022Q1,All Others,ARGENTINA,0.0
2022,1,2022Q1,All Others,BRAZIL,983.0
2022,1,2022Q1,All Others,CHILE,395.0
2022,1,2022Q1,All Others,COLOMBIA,32.0
2022,1,2022Q1,All Others,COSTA RICA,12.0
2022,1,2022Q1,All Others,DOMINICAN REPUBLIC,0.0
2022,1,2022Q1,All Others,ECUADOR,56.0
2022,1,2022Q1,All Others,EL SALVADOR,13.0
2022,1,2022Q1,All Others,GUATEMALA,67.0
2022,1,2022Q1,All Others,HONDURAS,0.0
2022,1,2022Q1,All Others,MEXICO,42.0
2022,1,2022Q1,All Others,PERU,17.0
2022,1,2022Q1,All Others,URUGUAY,0.0
2022,1,2022Q1,All Others,VENEZUELA,6.0
2022,1,2022Q1,All Others,BAHAMAS,0.0
2022,1,2022Q1,All Others,CAYMAN ISLANDS,90.0
2022,1,2022Q1,All Others,PANAMA,10.0
2022,1,2022Q1,LFI,ANGUILLA,0.0
2022,1,2022Q1,LFI,ARGENTINA,7.0
2022,1,2022Q1,LFI,BRAZIL,3245.0
2022,1,2022Q1,LFI,CHILE,894.0
2022,1,2022Q1,LFI,COLOMBIA,447.0
2022,1,2022Q1,LFI,COSTA RICA,71.0
2022,1,2022Q1,LFI,DOMINICAN REPUBLIC,166.0
2022,1,2022Q1,LFI,ECUADOR,138.0
2022,1,2022Q1,LFI,EL SALVADOR,139.0
2022,1,2022Q1,LFI,GUATEMALA,347.0
2022,1,2022Q1,LFI,HONDURAS,168.0
2022,1,2022Q1,LFI,MEXICO,1072.0
2022,1,2022Q1,LFI,PERU,572.0
2022,1,2022Q1,LFI,URUGUAY,119.0
2022,1,2022Q1,LFI,VENEZUELA,0.0
2022,1,2022Q1,LFI,BAHAMAS,28.0
2022,1,2022Q1,LFI,CAYMAN ISLANDS,124.0
2022,1,2022Q1,LFI,PANAMA,192.0
2022,1,2022Q1,All Banks,ANGUILLA,40.0
2022,1,2022Q1,All Banks,ARGENTINA,7.0
2022,1,2022Q1,All Banks,BRAZIL,4228.0
2022,1,2022Q1,All Banks,CHILE,1289.0
2022,1,2022Q1,All Banks,COLOMBIA,479.0
2022,1,2022Q1,All Banks,COSTA RICA,83.0
2022,1,2022Q1,All Banks,DOMINICAN REPUBLIC,166.0
2022,1,2022Q1,All Banks,ECUADOR,194.0
2022,1,2022Q1,All Banks,EL SALVADOR,152.0
2022,1,2022Q1,All Banks,GUATEMALA,414.0
2022,1,2022Q1,All Banks,HONDURAS,168.0
2022,1,2022Q1,All Banks,MEXICO,1114.0
2022,1,2022Q1,All Banks,PERU,589.0
2022,1,2022Q1,All Banks,URUGUAY,119.0
2022,1,2022Q1,All Banks,VENEZUELA,6.0
2022,1,2022Q1,All Banks,BAHAMAS,28.0
2022,1,2022Q1,All Banks,CAYMAN ISLANDS,214.0
2022,1,2022Q1,All Banks,PANAMA,202.0
2022,2,2022Q2,All Others,ANGUILLA,58.0
2022,2,2022Q2,All Others,ARGENTINA,0.0
2022,2,2022Q2,All Others,BRAZIL,1026.0
2022,2,2022Q2,All Others,CHILE,363.0
2022,2,2022Q2,All Others,COLOMBIA,31.0
2022,2,2022Q2,All Others,COSTA RICA,12.0
2022,2,2022Q2,All Others,DOMINICAN REPUBLIC,20.0
2022,2,2022Q2,All Others,ECUADOR,50.0
2022,2,2022Q2,All Others,EL SALVADOR,15.0
2022,2,2022Q2,All Others,GUATEMALA,39.0
2022,2,2022Q2,All Others,HONDURAS,0.0
2022,2,2022Q2,All Others,MEXICO,33.0
2022,2,2022Q2,All Others,PERU,12.0
2022,2,2022Q2,All Others,URUGUAY,0.0
2022,2,2022Q2,All Others,VENEZUELA,6.0
2022,2,2022Q2,All Others,BAHAMAS,0.0
2022,2,2022Q2,All Others,CAYMAN ISLANDS,150.0
2022,2,2022Q2,All Others,PANAMA,15.0
2022,2,2022Q2,LFI,ANGUILLA,0.0
2022,2,2022Q2,LFI,ARGENTINA,20.0
2022,2,2022Q2,LFI,BRAZIL,3579.0
2022,2,2022Q2,LFI,CHILE,1287.0
2022,2,2022Q2,LFI,COLOMBIA,338.0
2022,2,2022Q2,LFI,COSTA RICA,77.0
2022,2,2022Q2,LFI,DOMINICAN REPUBLIC,126.0
2022,2,2022Q2,LFI,ECUADOR,175.0
2022,2,2022Q2,LFI,EL SALVADOR,149.0
2022,2,2022Q2,LFI,GUATEMALA,320.0
2022,2,2022Q2,LFI,HONDURAS,210.0
2022,2,2022Q2,LFI,MEXICO,1055.0
2022,2,2022Q2,LFI,PERU,498.0
2022,2,2022Q2,LFI,URUGUAY,142.0
2022,2,2022Q2,LFI,VENEZUELA,0.0
2022,2,2022Q2,LFI,BAHAMAS,74.0
2022,2,2022Q2,LFI,CAYMAN ISLANDS,184.0
2022,2,2022Q2,LFI,PANAMA,255.0
2022,2,2022Q2,All Banks,ANGUILLA,58.0
2022,2,2022Q2,All Banks,ARGENTINA,20.0
2022,2,2022Q2,All Banks,BRAZIL,4605.0
2022,2,2022Q2,All Banks,CHILE,1650.0
2022,2,2022Q2,All Banks,COLOMBIA,369.0
2022,2,2022Q2,All Banks,COSTA RICA,89.0
2022,2,2022Q2,All Banks,DOMINICAN REPUBLIC,146.0
2022,2,2022Q2,All Banks,ECUADOR,225.0
2022,2,2022Q2,All Banks,EL SALVADOR,164.0
2022,2,2022Q2,All Banks,GUATEMALA,359.0
2022,2,2022Q2,All Banks,HONDURAS,210.0
2022,2,2022Q2,All Banks,MEXICO,1088.0
2022,2,2022Q2,All Banks,PERU,510.0
2022,2,2022Q2,All Banks,URUGUAY,142.0
2022,2,2022Q2,All Banks,VENEZUELA,6.0
2022,2,2022Q2,All Banks,BAHAMAS,74.0
2022,2,2022Q2,All Banks,CAYMAN ISLANDS,334.0
2022,2,2022Q2,All Banks,PANAMA,270.0
2022,3,2022Q3,All Others,ANGUILLA,63.0
2022,3,2022Q3,All Others,ARGENTINA,0.0
2022,3,2022Q3,All Others,BRAZIL,1197.0
2022,3,2022Q3,All Others,CHILE,657.0
2022,3,2022Q3,All Others,COLOMBIA,32.0
2022,3,2022Q3,All Others,COSTA RICA,13.0
2022,3,2022Q3,All Others,DOMINICAN REPUBLIC,20.0
2022,3,2022Q3,All Others,ECUADOR,39.0
2022,3,2022Q3,All Others,EL SALVADOR,14.0
2022,3,2022Q3,All Others,GUATEMALA,53.0
2022,3,2022Q3,All Others,HONDURAS,0.0
2022,3,2022Q3,All Others,MEXICO,29.0
2022,3,2022Q3,All Others,PERU,16.0
2022,3,2022Q3,All Others,URUGUAY,0.0
2022,3,2022Q3,All Others,VENEZUELA,5.0
2022,3,2022Q3,All Others,BAHAMAS,0.0
2022,3,2022Q3,All Others,CAYMAN ISLANDS,133.0
2022,3,2022Q3,All Others,PANAMA,19.0
2022,3,2022Q3,LFI,ANGUILLA,0.0
2022,3,2022Q3,LFI,ARGENTINA,52.0
2022,3,2022Q3,LFI,BRAZIL,3813.0
2022,3,2022Q3,LFI,CHILE,1722.0
2022,3,2022Q3,LFI,COLOMBIA,281.0
2022,3,2022Q3,LFI,COSTA RICA,88.0
2022,3,2022Q3,LFI,DOMINICAN REPUBLIC,249.0
2022,3,2022Q3,LFI,ECUADOR,144.0
2022,3,2022Q3,LFI,EL SALVADOR,137.0
2022,3,2022Q3,LFI,GUATEMALA,308.0
2022,3,2022Q3,LFI,HONDURAS,187.0
2022,3,2022Q3,LFI,MEXICO,1106.0
2022,3,2022Q3,LFI,PERU,571.0
2022,3,2022Q3,LFI,URUGUAY,63.0
2022,3,2022Q3,LFI,VENEZUELA,0.0
2022,3,2022Q3,LFI,BAHAMAS,61.0
2022,3,2022Q3,LFI,CAYMAN ISLANDS,192.0
2022,3,2022Q3,LFI,PANAMA,466.0
2022,3,2022Q3,All Banks,ANGUILLA,63.0
2022,3,2022Q3,All Banks,ARGENTINA,52.0
2022,3,2022Q3,All Banks,BRAZIL,5010.0
2022,3,2022Q3,All Banks,CHILE,2379.0
2022,3,2022Q3,All Banks,COLOMBIA,313.0
2022,3,2022Q3,All Banks,COSTA RICA,101.0
2022,3,2022Q3,All Banks,DOMINICAN REPUBLIC,269.0
2022,3,2022Q3,All Banks,ECUADOR,183.0
2022,3,2022Q3,All Banks,EL SALVADOR,151.0
2022,3,2022Q3,All Banks,GUATEMALA,361.0
2022,3,2022Q3,All Banks,HONDURAS,187.0
2022,3,2022Q3,All Banks,MEXICO,1135.0
2022,3,2022Q3,All Banks,PERU,587.0
2022,3,2022Q3,All Banks,URUGUAY,63.0
2022,3,2022Q3,All Banks,VENEZUELA,5.0
2022,3,2022Q3,All Banks,BAHAMAS,61.0
2022,3,2022Q3,All Banks,CAYMAN ISLANDS,325.0
2022,3,2022Q3,All Banks,PANAMA,485.0
2022,4,2022Q4,All Others,ANGUILLA,60.0
2022,4,2022Q4,All Others,ARGENTINA,0.0
2022,4,2022Q4,All Others,BRAZIL,1262.0
2022,4,2022Q4,All Others,CHILE,618.0
2022,4,2022Q4,All Others,COLOMBIA,46.0
2022,4,2022Q4,All Others,COSTA RICA,11.0
2022,4,2022Q4,All Others,DOMINICAN REPUBLIC,25.0
2022,4,2022Q4,All Others,ECUADOR,53.0
2022,4,2022Q4,All Others,EL SALVADOR,15.0
2022,4,2022Q4,All Others,GUATEMALA,53.0
2022,4,2022Q4,All Others,HONDURAS,0.0
2022,4,2022Q4,All Others,MEXICO,40.0
2022,4,2022Q4,All Others,PERU,221.0
2022,4,2022Q4,All Others,URUGUAY,0.0
2022,4,2022Q4,All Others,VENEZUELA,5.0
2022,4,2022Q4,All Others,BAHAMAS,0.0
2022,4,2022Q4,All Others,CAYMAN ISLANDS,207.0
2022,4,2022Q4,All Others,PANAMA,62.0
2022,4,2022Q4,LFI,ANGUILLA,0.0
2022,4,2022Q4,LFI,ARGENTINA,112.0
2022,4,2022Q4,LFI,BRAZIL,4300.0
2022,4,2022Q4,LFI,CHILE,1560.0
2022,4,2022Q4,LFI,COLOMBIA,324.0
2022,4,2022Q4,LFI,COSTA RICA,81.0
2022,4,2022Q4,LFI,DOMINICAN REPUBLIC,233.0
2022,4,2022Q4,LFI,ECUADOR,131.0
2022,4,2022Q4,LFI,EL SALVADOR,126.0
2022,4,2022Q4,LFI,GUATEMALA,274.0
2022,4,2022Q4,LFI,HONDURAS,163.0
2022,4,2022Q4,LFI,MEXICO,1142.0
2022,4,2022Q4,LFI,PERU,553.0
2022,4,2022Q4,LFI,URUGUAY,125.0
2022,4,2022Q4,LFI,VENEZUELA,0.0
2022,4,2022Q4,LFI,BAHAMAS,56.0
2022,4,2022Q4,LFI,CAYMAN ISLANDS,222.0
2022,4,2022Q4,LFI,PANAMA,403.0
2022,4,2022Q4,All Banks,ANGUILLA,60.0
2022,4,2022Q4,All Banks,ARGENTINA,112.0
2022,4,2022Q4,All Banks,BRAZIL,5562.0
2022,4,2022Q4,All Banks,CHILE,2178.0
2022,4,2022Q4,All Banks,COLOMBIA,370.0
2022,4,2022Q4,All Banks,COSTA RICA,92.0
2022,4,2022Q4,All Banks,DOMINICAN REPUBLIC,258.0
2022,4,2022Q4,All Banks,ECUADOR,184.0
2022,4,2022Q4,All Banks,EL SALVADOR,141.0
2022,4,2022Q4,All Banks,GUATEMALA,327.0
2022,4,2022Q4,All Banks,HONDURAS,163.0
2022,4,2022Q4,All Banks,MEXICO,1182.0
2022,4,2022Q4,All Banks,PERU,774.0
2022,4,2022Q4,All Banks,URUGUAY,125.0
2022,4,2022Q4,All Banks,VENEZUELA,5.0
2022,4,2022Q4,All Banks,BAHAMAS,56.0
2022,4,2022Q4,All Banks,CAYMAN ISLANDS,429.0
2022,4,2022Q4,All Banks,PANAMA,465.0
2023,1,2023Q1,All Others,ANGUILLA,2.0
2023,1,2023Q1,All Others,ARGENTINA,0.0
2023,1,2023Q1,All Others,BRAZIL,1033.0
2023,1,2023Q1,All Others,CHILE,598.0
2023,1,2023Q1,All Others,COLOMBIA,26.0
2023,1,2023Q1,All Others,COSTA RICA,10.0
2023,1,2023Q1,All Others,DOMINICAN REPUBLIC,65.0
2023,1,2023Q1,All Others,ECUADOR,46.0
2023,1,2023Q1,All Others,EL SALVADOR,5.0
2023,1,2023Q1,All Others,GUATEMALA,54.0
2023,1,2023Q1,All Others,HONDURAS,0.0
2023,1,2023Q1,All Others,MEXICO,48.0
2023,1,2023Q1,All Others,PERU,203.0
2023,1,2023Q1,All Others,URUGUAY,0.0
2023,1,2023Q1,All Others,VENEZUELA,5.0
2023,1,2023Q1,All Others,BAHAMAS,0.0
2023,1,2023Q1,All Others,CAYMAN ISLANDS,0.0
2023,1,2023Q1,All Others,PANAMA,85.0
2023,1,2023Q1,LFI,ANGUILLA,0.0
2023,1,2023Q1,LFI,ARGENTINA,61.0
2023,1,2023Q1,LFI,BRAZIL,4056.0
2023,1,2023Q1,LFI,CHILE,1666.0
2023,1,2023Q1,LFI,COLOMBIA,194.0
2023,1,2023Q1,LFI,COSTA RICA,93.0
2023,1,2023Q1,LFI,DOMINICAN REPUBLIC,260.0
2023,1,2023Q1,LFI,ECUADOR,135.0
2023,1,2023Q1,LFI,EL SALVADOR,66.0
2023,1,2023Q1,LFI,GUATEMALA,338.0
2023,1,2023Q1,LFI,HONDURAS,131.0
2023,1,2023Q1,LFI,MEXICO,1101.0
2023,1,2023Q1,LFI,PERU,391.0
2023,1,2023Q1,LFI,URUGUAY,53.0
2023,1,2023Q1,LFI,VENEZUELA,0.0
2023,1,2023Q1,LFI,BAHAMAS,38.0
2023,1,2023Q1,LFI,CAYMAN ISLANDS,87.0
2023,1,2023Q1,LFI,PANAMA,347.0
2023,1,2023Q1,All Banks,ANGUILLA,2.0
2023,1,2023Q1,All Banks,ARGENTINA,61.0
2023,1,2023Q1,All Banks,BRAZIL,5089.0
2023,1,2023Q1,All Banks,CHILE,2264.0
2023,1,2023Q1,All Banks,COLOMBIA,220.0
2023,1,2023Q1,All Banks,COSTA RICA,103.0
2023,1,2023Q1,All Banks,DOMINICAN REPUBLIC,325.0
2023,1,2023Q1,All Banks,ECUADOR,181.0
2023,1,2023Q1,All Banks,EL SALVADOR,71.0
2023,1,2023Q1,All Banks,GUATEMALA,392.0
2023,1,2023Q1,All Banks,HONDURAS,131.0
2023,1,2023Q1,All Banks,MEXICO,1149.0
2023,1,2023Q1,All Banks,PERU,594.0
2023,1,2023Q1,All Banks,URUGUAY,53.0
2023,1,2023Q1,All Banks,VENEZUELA,5.0
2023,1,2023Q1,All Banks,BAHAMAS,38.0
2023,1,2023Q1,All Banks,CAYMAN ISLANDS,87.0
2023,1,2023Q1,All Banks,PANAMA,432.0
2023,2,2023Q2,All Others,ANGUILLA,2.0
2023,2,2023Q2,All Others,ARGENTINA,0.0
2023,2,2023Q2,All Others,BRAZIL,957.0
2023,2,2023Q2,All Others,CHILE,563.0
2023,2,2023Q2,All Others,COLOMBIA,23.0
2023,2,2023Q2,All Others,COSTA RICA,10.0
2023,2,2023Q2,All Others,DOMINICAN REPUBLIC,61.0
2023,2,2023Q2,All Others,ECUADOR,53.0
2023,2,2023Q2,All Others,EL SALVADOR,0.0
2023,2,2023Q2,All Others,GUATEMALA,60.0
2023,2,2023Q2,All Others,HONDURAS,15.0
2023,2,2023Q2,All Others,MEXICO,65.0
2023,2,2023Q2,All Others,PERU,249.0
2023,2,2023Q2,All Others,URUGUAY,0.0
2023,2,2023Q2,All Others,VENEZUELA,4.0
2023,2,2023Q2,All Others,BAHAMAS,0.0
2023,2,2023Q2,All Others,CAYMAN ISLANDS,0.0
2023,2,2023Q2,All Others,PANAMA,62.0
2023,2,2023Q2,LFI,ANGUILLA,0.0
2023,2,2023Q2,LFI,ARGENTINA,56.0
2023,2,2023Q2,LFI,BRAZIL,4430.0
2023,2,2023Q2,LFI,CHILE,1698.0
2023,2,2023Q2,LFI,COLOMBIA,210.0
2023,2,2023Q2,LFI,COSTA RICA,60.0
2023,2,2023Q2,LFI,DOMINICAN REPUBLIC,307.0
2023,2,2023Q2,LFI,ECUADOR,145.0
2023,2,2023Q2,LFI,EL SALVADOR,25.0
2023,2,2023Q2,LFI,GUATEMALA,333.0
2023,2,2023Q2,LFI,HONDURAS,133.0
2023,2,2023Q2,LFI,MEXICO,1074.0
2023,2,2023Q2,LFI,PERU,582.0
2023,2,2023Q2,LFI,URUGUAY,53.0
2023,2,2023Q2,LFI,VENEZUELA,0.0
2023,2,2023Q2,LFI,BAHAMAS,50.0
2023,2,2023Q2,LFI,CAYMAN ISLANDS,200.0
2023,2,2023Q2,LFI,PANAMA,261.0
2023,2,2023Q2,All Banks,ANGUILLA,2.0
2023,2,2023Q2,All Banks,ARGENTINA,56.0
2023,2,2023Q2,All Banks,BRAZIL,5387.0
2023,2,2023Q2,All Banks,CHILE,2261.0
2023,2,2023Q2,All Banks,COLOMBIA,233.0
2023,2,2023Q2,All Banks,COSTA RICA,70.0
2023,2,2023Q2,All Banks,DOMINICAN REPUBLIC,368.0
2023,2,2023Q2,All Banks,ECUADOR,198.0
2023,2,2023Q2,All Banks,EL SALVADOR,25.0
2023,2,2023Q2,All Banks,GUATEMALA,393.0
2023,2,2023Q2,All Banks,HONDURAS,148.0
2023,2,2023Q2,All Banks,MEXICO,1139.0
2023,2,2023Q2,All Banks,PERU,831.0
2023,2,2023Q2,All Banks,URUGUAY,53.0
2023,2,2023Q2,All Banks,VENEZUELA,4.0
2023,2,2023Q2,All Banks,BAHAMAS,50.0
2023,2,2023Q2,All Banks,CAYMAN ISLANDS,200.0
2023,2,2023Q2,All Banks,PANAMA,323.0
2023,3,2023Q3,All Others,ANGUILLA,2.0
2023,3,2023Q3,All Others,ARGENTINA,0.0
2023,3,2023Q3,All Others,BRAZIL,879.0
2023,3,2023Q3,All Others,CHILE,570.0
2023,3,2023Q3,All Others,COLOMBIA,27.0
2023,3,2023Q3,All Others,COSTA RICA,0.0
2023,3,2023Q3,All Others,DOMINICAN REPUBLIC,68.0
2023,3,2023Q3,All Others,ECUADOR,76.0
2023,3,2023Q3,All Others,EL SALVADOR,5.0
2023,3,2023Q3,All Others,GUATEMALA,31.0
2023,3,2023Q3,All Others,HONDURAS,15.0
2023,3,2023Q3,All Others,MEXICO,80.0
2023,3,2023Q3,All Others,PERU,226.0
2023,3,2023Q3,All Others,URUGUAY,0.0
2023,3,2023Q3,All Others,VENEZUELA,4.0
2023,3,2023Q3,All Others,BAHAMAS,0.0
2023,3,2023Q3,All Others,CAYMAN ISLANDS,0.0
2023,3,2023Q3,All Others,PANAMA,60.0
2023,3,2023Q3,LFI,ANGUILLA,0.0
2023,3,2023Q3,LFI,ARGENTINA,85.0
2023,3,2023Q3,LFI,BRAZIL,4357.0
2023,3,2023Q3,LFI,CHILE,1456.0
2023,3,2023Q3,LFI,COLOMBIA,148.0
2023,3,2023Q3,LFI,COSTA RICA,36.0
2023,3,2023Q3,LFI,DOMINICAN REPUBLIC,404.0
2023,3,2023Q3,LFI,ECUADOR,124.0
2023,3,2023Q3,LFI,EL SALVADOR,68.0
2023,3,2023Q3,LFI,GUATEMALA,316.0
2023,3,2023Q3,LFI,HONDURAS,124.0
2023,3,2023Q3,LFI,MEXICO,1018.0
2023,3,2023Q3,LFI,PERU,761.0
2023,3,2023Q3,LFI,URUGUAY,25.0
2023,3,2023Q3,LFI,VENEZUELA,0.0
2023,3,2023Q3,LFI,BAHAMAS,47.0
2023,3,2023Q3,LFI,CAYMAN ISLANDS,336.0
2023,3,2023Q3,LFI,PANAMA,210.0
2023,3,2023Q3,All Banks,ANGUILLA,2.0
2023,3,2023Q3,All Banks,ARGENTINA,85.0
2023,3,2023Q3,All Banks,BRAZIL,5236.0
2023,3,2023Q3,All Banks,CHILE,2026.0
2023,3,2023Q3,All Banks,COLOMBIA,175.0
2023,3,2023Q3,All Banks,COSTA RICA,36.0
2023,3,2023Q3,All Banks,DOMINICAN REPUBLIC,472.0
2023,3,2023Q3,All Banks,ECUADOR,200.0
2023,3,2023Q3,All Banks,EL SALVADOR,73.0
2023,3,2023Q3,All Banks,GUATEMALA,347.0
2023,3,2023Q3,All Banks,HONDURAS,139.0
2023,3,2023Q3,All Banks,MEXICO,1098.0
2023,3,2023Q3,All Banks,PERU,987.0
2023,3,2023Q3,All Banks,URUGUAY,25.0
2023,3,2023Q3,All Banks,VENEZUELA,4.0
2023,3,2023Q3,All Banks,BAHAMAS,47.0
2023,3,2023Q3,All Banks,CAYMAN ISLANDS,336.0
2023,3,2023Q3,All Banks,PANAMA,270.0
2023,4,2023Q4,All Others,ANGUILLA,2.0
2023,4,2023Q4,All Others,ARGENTINA,0.0
2023,4,2023Q4,All Others,BRAZIL,1055.0
2023,4,2023Q4,All Others,CHILE,669.0
2023,4,2023Q4,All Others,COLOMBIA,16.0
2023,4,2023Q4,All Others,COSTA RICA,10.0
2023,4,2023Q4,All Others,DOMINICAN REPUBLIC,75.0
2023,4,2023Q4,All Others,ECUADOR,59.0
2023,4,2023Q4,All Others,EL SALVADOR,5.0
2023,4,2023Q4,All Others,GUATEMALA,60.0
2023,4,2023Q4,All Others,HONDURAS,15.0
2023,4,2023Q4,All Others,MEXICO,59.0
2023,4,2023Q4,All Others,PERU,246.0
2023,4,2023Q4,All Others,URUGUAY,3.0
2023,4,2023Q4,All Others,VENEZUELA,4.0
2023,4,2023Q4,All Others,BAHAMAS,0.0
2023,4,2023Q4,All Others,CAYMAN ISLANDS,5.0
2023,4,2023Q4,All Others,PANAMA,53.0
2023,4,2023Q4,LFI,ANGUILLA,0.0
2023,4,2023Q4,LFI,ARGENTINA,90.0
2023,4,2023Q4,LFI,BRAZIL,4121.0
2023,4,2023Q4,LFI,CHILE,1506.0
2023,4,2023Q4,LFI,COLOMBIA,281.0
2023,4,2023Q4,LFI,COSTA RICA,40.0
2023,4,2023Q4,LFI,DOMINICAN REPUBLIC,476.0
2023,4,2023Q4,LFI,ECUADOR,174.0
2023,4,2023Q4,LFI,EL SALVADOR,36.0
2023,4,2023Q4,LFI,GUATEMALA,503.0
2023,4,2023Q4,LFI,HONDURAS,125.0
2023,4,2023Q4,LFI,MEXICO,949.0
2023,4,2023Q4,LFI,PERU,1212.0
2023,4,2023Q4,LFI,URUGUAY,62.0
2023,4,2023Q4,LFI,VENEZUELA,0.0
2023,4,2023Q4,LFI,BAHAMAS,41.0
2023,4,2023Q4,LFI,CAYMAN ISLANDS,271.0
2023,4,2023Q4,LFI,PANAMA,315.0
2023,4,2023Q4,All Banks,ANGUILLA,2.0
2023,4,2023Q4,All Banks,ARGENTINA,90.0
2023,4,2023Q4,All Banks,BRAZIL,5176.0
2023,4,2023Q4,All Banks,CHILE,2175.0
2023,4,2023Q4,All Banks,COLOMBIA,297.0
2023,4,2023Q4,All Banks,COSTA RICA,50.0
2023,4,2023Q4,All Banks,DOMINICAN REPUBLIC,551.0
2023,4,2023Q4,All Banks,ECUADOR,233.0
2023,4,2023Q4,All Banks,EL SALVADOR,41.0
2023,4,2023Q4,All Banks,GUATEMALA,563.0
2023,4,2023Q4,All Banks,HONDURAS,140.0
2023,4,2023Q4,All Banks,MEXICO,1008.0
2023,4,2023Q4,All Banks,PERU,1458.0
2023,4,2023Q4,All Banks,URUGUAY,65.0
2023,4,2023Q4,All Banks,VENEZUELA,4.0
2023,4,2023Q4,All Banks,BAHAMAS,41.0
2023,4,2023Q4,All Banks,CAYMAN ISLANDS,276.0
2023,4,2023Q4,All Banks,PANAMA,368.0
2024,1,2024Q1,All Others,ANGUILLA,2.0
2024,1,2024Q1,All Others,ARGENTINA,0.0
2024,1,2024Q1,All Others,BRAZIL,1084.0
2024,1,2024Q1,All Others,CHILE,709.0
2024,1,2024Q1,All Others,COLOMBIA,16.0
2024,1,2024Q1,All Others,COSTA RICA,10.0
2024,1,2024Q1,All Others,DOMINICAN REPUBLIC,63.0
2024,1,2024Q1,All Others,ECUADOR,44.0
2024,1,2024Q1,All Others,EL SALVADOR,5.0
2024,1,2024Q1,All Others,GUATEMALA,66.0
2024,1,2024Q1,All Others,HONDURAS,20.0
2024,1,2024Q1,All Others,MEXICO,96.0
2024,1,2024Q1,All Others,PERU,247.0
2024,1,2024Q1,All Others,URUGUAY,3.0
2024,1,2024Q1,All Others,VENEZUELA,4.0
2024,1,2024Q1,All Others,BAHAMAS,0.0
2024,1,2024Q1,All Others,CAYMAN ISLANDS,0.0
2024,1,2024Q1,All Others,PANAMA,34.0
2024,1,2024Q1,LFI,ANGUILLA,0.0
2024,1,2024Q1,LFI,ARGENTINA,122.0
2024,1,2024Q1,LFI,BRAZIL,3700.0
2024,1,2024Q1,LFI,CHILE,1331.0
2024,1,2024Q1,LFI,COLOMBIA,275.0
2024,1,2024Q1,LFI,COSTA RICA,68.0
2024,1,2024Q1,LFI,DOMINICAN REPUBLIC,487.0
2024,1,2024Q1,LFI,ECUADOR,129.0
2024,1,2024Q1,LFI,EL SALVADOR,39.0
2024,1,2024Q1,LFI,GUATEMALA,563.0
2024,1,2024Q1,LFI,HONDURAS,141.0
2024,1,2024Q1,LFI,MEXICO,996.0
2024,1,2024Q1,LFI,PERU,1530.0
2024,1,2024Q1,LFI,URUGUAY,33.0
2024,1,2024Q1,LFI,VENEZUELA,0.0
2024,1,2024Q1,LFI,BAHAMAS,53.0
2024,1,2024Q1,LFI,CAYMAN ISLANDS,178.0
2024,1,2024Q1,LFI,PANAMA,353.0
2024,1,2024Q1,All Banks,ANGUILLA,2.0
2024,1,2024Q1,All Banks,ARGENTINA,122.0
2024,1,2024Q1,All Banks,BRAZIL,4784.0
2024,1,2024Q1,All Banks,CHILE,2040.0
2024,1,2024Q1,All Banks,COLOMBIA,291.0
2024,1,2024Q1,All Banks,COSTA RICA,78.0
2024,1,2024Q1,All Banks,DOMINICAN REPUBLIC,550.0
2024,1,2024Q1,All Banks,ECUADOR,173.0
2024,1,2024Q1,All Banks,EL SALVADOR,44.0
2024,1,2024Q1,All Banks,GUATEMALA,629.0
2024,1,2024Q1,All Banks,HONDURAS,161.0
2024,1,2024Q1,All Banks,MEXICO,1092.0
2024,1,2024Q1,All Banks,PERU,1777.0
2024,1,2024Q1,All Banks,URUGUAY,36.0
2024,1,2024Q1,All Banks,VENEZUELA,4.0
2024,1,2024Q1,All Banks,BAHAMAS,53.0
2024,1,2024Q1,All Banks,CAYMAN ISLANDS,178.0
2024,1,2024Q1,All Banks,PANAMA,387.0
2024,2,2024Q2,All Others,ANGUILLA,2.0
2024,2,2024Q2,All Others,ARGENTINA,4.0
2024,2,2024Q2,All Others,BRAZIL,900.0
2024,2,2024Q2,All Others,CHILE,725.0
2024,2,2024Q2,All Others,COLOMBIA,10.0
2024,2,2024Q2,All Others,COSTA RICA,10.0
2024,2,2024Q2,All Others,DOMINICAN REPUBLIC,63.0
2024,2,2024Q2,All Others,ECUADOR,66.0
2024,2,2024Q2,All Others,EL SALVADOR,5.0
2024,2,2024Q2,All Others,GUATEMALA,91.0
2024,2,2024Q2,All Others,HONDURAS,6.0
2024,2,2024Q2,All Others,MEXICO,158.0
2024,2,2024Q2,All Others,PERU,76.0
2024,2,2024Q2,All Others,URUGUAY,1.0
2024,2,2024Q2,All Others,VENEZUELA,5.0
2024,2,2024Q2,All Others,BAHAMAS,0.0
2024,2,2024Q2,All Others,CAYMAN ISLANDS,0.0
2024,2,2024Q2,All Others,PANAMA,34.0
2024,2,2024Q2,LFI,ANGUILLA,0.0
2024,2,2024Q2,LFI,ARGENTINA,240.0
2024,2,2024Q2,LFI,BRAZIL,3560.0
2024,2,2024Q2,LFI,CHILE,1016.0
2024,2,2024Q2,LFI,COLOMBIA,306.0
2024,2,2024Q2,LFI,COSTA RICA,39.0
2024,2,2024Q2,LFI,DOMINICAN REPUBLIC,426.0
2024,2,2024Q2,LFI,ECUADOR,212.0
2024,2,2024Q2,LFI,EL SALVADOR,76.0
2024,2,2024Q2,LFI,GUATEMALA,513.0
2024,2,2024Q2,LFI,HONDURAS,194.0
2024,2,2024Q2,LFI,MEXICO,674.0
2024,2,2024Q2,LFI,PERU,932.0
2024,2,2024Q2,LFI,URUGUAY,44.0
2024,2,2024Q2,LFI,VENEZUELA,0.0
2024,2,2024Q2,LFI,BAHAMAS,13.0
2024,2,2024Q2,LFI,CAYMAN ISLANDS,148.0
2024,2,2024Q2,LFI,PANAMA,371.0
2024,2,2024Q2,All Banks,ANGUILLA,2.0
2024,2,2024Q2,All Banks,ARGENTINA,244.0
2024,2,2024Q2,All Banks,BRAZIL,4460.0
2024,2,2024Q2,All Banks,CHILE,1741.0
2024,2,2024Q2,All Banks,COLOMBIA,316.0
2024,2,2024Q2,All Banks,COSTA RICA,49.0
2024,2,2024Q2,All Banks,DOMINICAN REPUBLIC,489.0
2024,2,2024Q2,All Banks,ECUADOR,278.0
2024,2,2024Q2,All Banks,EL SALVADOR,81.0
2024,2,2024Q2,All Banks,GUATEMALA,604.0
2024,2,2024Q2,All Banks,HONDURAS,200.0
2024,2,2024Q2,All Banks,MEXICO,832.0
2024,2,2024Q2,All Banks,PERU,1008.0
2024,2,2024Q2,All Banks,URUGUAY,45.0
2024,2,2024Q2,All Banks,VENEZUELA,5.0
2024,2,2024Q2,All Banks,BAHAMAS,13.0
2024,2,2024Q2,All Banks,CAYMAN ISLANDS,148.0
2024,2,2024Q2,All Banks,PANAMA,405.0
2024,3,2024Q3,All Others,ANGUILLA,2.0
2024,3,2024Q3,All Others,ARGENTINA,4.0
2024,3,2024Q3,All Others,BRAZIL,1194.0
2024,3,2024Q3,All Others,CHILE,704.0
2024,3,2024Q3,All Others,COLOMBIA,25.0
2024,3,2024Q3,All Others,COSTA RICA,0.0
2024,3,2024Q3,All Others,DOMINICAN REPUBLIC,65.0
2024,3,2024Q3,All Others,ECUADOR,54.0
2024,3,2024Q3,All Others,EL SALVADOR,5.0
2024,3,2024Q3,All Others,GUATEMALA,117.0
2024,3,2024Q3,All Others,HONDURAS,18.0
2024,3,2024Q3,All Others,MEXICO,171.0
2024,3,2024Q3,All Others,PERU,176.0
2024,3,2024Q3,All Others,URUGUAY,2.0
2024,3,2024Q3,All Others,VENEZUELA,4.0
2024,3,2024Q3,All Others,BAHAMAS,70.0
2024,3,2024Q3,All Others,CAYMAN ISLANDS,2.0
2024,3,2024Q3,All Others,PANAMA,22.0
2024,3,2024Q3,LFI,ANGUILLA,0.0
2024,3,2024Q3,LFI,ARGENTINA,163.0
2024,3,2024Q3,LFI,BRAZIL,3768.0
2024,3,2024Q3,LFI,CHILE,1282.0
2024,3,2024Q3,LFI,COLOMBIA,200.0
2024,3,2024Q3,LFI,COSTA RICA,38.0
2024,3,2024Q3,LFI,DOMINICAN REPUBLIC,409.0
2024,3,2024Q3,LFI,ECUADOR,208.0
2024,3,2024Q3,LFI,EL SALVADOR,44.0
2024,3,2024Q3,LFI,GUATEMALA,565.0
2024,3,2024Q3,LFI,HONDURAS,182.0
2024,3,2024Q3,LFI,MEXICO,625.0
2024,3,2024Q3,LFI,PERU,1261.0
2024,3,2024Q3,LFI,URUGUAY,69.0
2024,3,2024Q3,LFI,VENEZUELA,0.0
2024,3,2024Q3,LFI,BAHAMAS,5.0
2024,3,2024Q3,LFI,CAYMAN ISLANDS,148.0
2024,3,2024Q3,LFI,PANAMA,588.0
2024,3,2024Q3,All Banks,ANGUILLA,2.0
2024,3,2024Q3,All Banks,ARGENTINA,167.0
2024,3,2024Q3,All Banks,BRAZIL,4962.0
2024,3,2024Q3,All Banks,CHILE,1986.0
2024,3,2024Q3,All Banks,COLOMBIA,225.0
2024,3,2024Q3,All Banks,COSTA RICA,38.0
2024,3,2024Q3,All Banks,DOMINICAN REPUBLIC,474.0
2024,3,2024Q3,All Banks,ECUADOR,262.0
2024,3,2024Q3,All Banks,EL SALVADOR,49.0
2024,3,2024Q3,All Banks,GUATEMALA,682.0
2024,3,2024Q3,All Banks,HONDURAS,200.0
2024,3,2024Q3,All Banks,MEXICO,796.0
2024,3,2024Q3,All Banks,PERU,1437.0
2024,3,2024Q3,All Banks,URUGUAY,71.0
2024,3,2024Q3,All Banks,VENEZUELA,4.0
2024,3,2024Q3,All Banks,BAHAMAS,75.0
2024,3,2024Q3,All Banks,CAYMAN ISLANDS,150.0
2024,3,2024Q3,All Banks,PANAMA,610.0
2024,4,2024Q4,All Others,ANGUILLA,1.0
2024,4,2024Q4,All Others,ARGENTINA,4.0
2024,4,2024Q4,All Others,BRAZIL,1702.0
2024,4,2024Q4,All Others,CHILE,706.0
2024,4,2024Q4,All Others,COLOMBIA,20.0
2024,4,2024Q4,All Others,COSTA RICA,0.0
2024,4,2024Q4,All Others,DOMINICAN REPUBLIC,83.0
2024,4,2024Q4,All Others,ECUADOR,34.0
2024,4,2024Q4,All Others,EL SALVADOR,10.0
2024,4,2024Q4,All Others,GUATEMALA,133.0
2024,4,2024Q4,All Others,HONDURAS,26.0
2024,4,2024Q4,All Others,MEXICO,158.0
2024,4,2024Q4,All Others,PERU,123.0
2024,4,2024Q4,All Others,URUGUAY,1.0
2024,4,2024Q4,All Others,VENEZUELA,7.0
2024,4,2024Q4,All Others,BAHAMAS,81.0
2024,4,2024Q4,All Others,CAYMAN ISLANDS,4.0
2024,4,2024Q4,All Others,PANAMA,47.0
2024,4,2024Q4,LFI,ANGUILLA,0.0
2024,4,2024Q4,LFI,ARGENTINA,8.0
2024,4,2024Q4,LFI,BRAZIL,3584.0
2024,4,2024Q4,LFI,CHILE,1507.0
2024,4,2024Q4,LFI,COLOMBIA,337.0
2024,4,2024Q4,LFI,COSTA RICA,50.0
2024,4,2024Q4,LFI,DOMINICAN REPUBLIC,191.0
2024,4,2024Q4,LFI,ECUADOR,114.0
2024,4,2024Q4,LFI,EL SALVADOR,35.0
2024,4,2024Q4,LFI,GUATEMALA,581.0
2024,4,2024Q4,LFI,HONDURAS,204.0
2024,4,2024Q4,LFI,MEXICO,1190.0
2024,4,2024Q4,LFI,PERU,475.0
2024,4,2024Q4,LFI,URUGUAY,25.0
2024,4,2024Q4,LFI,VENEZUELA,0.0
2024,4,2024Q4,LFI,BAHAMAS,105.0
2024,4,2024Q4,LFI,CAYMAN ISLANDS,151.0
2024,4,2024Q4,LFI,PANAMA,538.0
2024,4,2024Q4,All Banks,ANGUILLA,1.0
2024,4,2024Q4,All Banks,ARGENTINA,12.0
2024,4,2024Q4,All Banks,BRAZIL,5286.0
2024,4,2024Q4,All Banks,CHILE,2213.0
2024,4,2024Q4,All Banks,COLOMBIA,357.0
2024,4,2024Q4,All Banks,COSTA RICA,50.0
2024,4,2024Q4,All Banks,DOMINICAN REPUBLIC,274.0
2024,4,2024Q4,All Banks,ECUADOR,148.0
2024,4,2024Q4,All Banks,EL SALVADOR,45.0
2024,4,2024Q4,All Banks,GUATEMALA,714.0
2024,4,2024Q4,All Banks,HONDURAS,230.0
2024,4,2024Q4,All Banks,MEXICO,1348.0
2024,4,2024Q4,All Banks,PERU,598.0
2024,4,2024Q4,All Banks,URUGUAY,26.0
2024,4,2024Q4,All Banks,VENEZUELA,7.0
2024,4,2024Q4,All Banks,BAHAMAS,186.0
2024,4,2024Q4,All Banks,CAYMAN ISLANDS,155.0
2024,4,2024Q4,All Banks,PANAMA,585.0
