,,,,,,,,,,,,,,,,,,,,
,,,,,,,,,,,,,,,,,,,,
,"Country Exposure Lending Survey /1:  December 31, 2022
   
Table 4.1 - U.S. Banks' Claims by Sector (Banking, Public and Non-Bank Financial) of Obligor/Debtor
   
($ Millions)
   
Large Financial Institutions (LFI) - Group B",,,,,,,,,,,,,,,,,,,
,,,,,,,,,,,,,,,,,,,,
,,Claims on Banking Sector,,,,,,Claims on Public Sector,,,,,,Claims on Non-Bank Financial Sector,,,,,,
,,Ultimate Risk Claims /2,,,,Immediate Counterparty Basis Claims /6,,Ultimate Risk Claims /2,,,,Immediate Counterparty Basis Claims /6,,Ultimate Risk Claims /2,,,,,Immediate Counterparty Basis Claims /6,
,,Cross-Border Claims,Claims on Local Residents,"Fair Value
 of
 Derivatives
 /3",Total Claims,Cross-Border Claims,Claims on Local Residents in Non-Local Currency,Cross-Border Claims,Claims on Local Residents,"Fair Value
 of
 Derivatives
 /3",Total Claims,Cross-Border Claims,Claims on Local Residents in Non-Local Currency,Cross-Border Claims,Claims on Local Residents,"Fair Value
 of
 Derivatives
 /3",Total Claims,,Cross-Border Claims,Claims on Local Residents in Non-Local Currency
,G-10 and Luxembourg,,,,,,,,,,,,,,,,,,,
,BELGIUM,7872,77,124,8073,8171,0,5123,72,245,5440,5073,0,2898,35,222,3155,,2918,6
,CANADA,21659,6931,4163,32753,19100,619,8791,22172,741,31704,8675,130,34511,10801,3907,49219,,34701,1233
,FRANCE,33690,1880,4421,39991,32115,36,19320,13967,5606,38893,17201,0,110076,7620,4371,122067,,111941,1302
,GERMANY,9589,4896,3690,18175,9528,908,18898,205031,8292,232221,14548,3,56872,24461,14215,95548,,59463,647
,ITALY,8589,360,798,9747,8303,23,21396,299,2720,24415,21215,0,5484,2293,950,8727,,5501,163
,JAPAN,69528,29933,3973,103434,55134,25135,21602,141220,2184,165006,21526,1,16382,140983,5889,163254,,15364,606
,LUXEMBOURG,1063,179,37,1279,2572,146,13,1316,107,1436,12,0,57539,2359,4931,64829,,62531,1263
,NETHERLANDS,5601,298,2365,8264,3074,4,4329,8352,932,13613,4178,0,12634,81,4893,17608,,14221,1
,SWEDEN,4124,7,345,4476,5860,2,862,806,20,1688,784,0,4360,8,670,5038,,4367,8
,SWITZERLAND,5502,174,1471,7147,4697,139,750,29074,7,29831,562,11,5978,5692,891,12561,,5456,5703
,UNITED KINGDOM,7673,18083,5831,31587,5908,17700,1344,128477,16057,145878,1087,10799,38292,111324,28258,177874,,37601,36885
,Total,174890,62818,27218,264926,154462,44712,102428,550786,36911,690125,94861,10944,345026,305657,69197,719880,,354064,47817
,,,,,,,,,,,,,,,,,,,,
,Non G-10 Developed Countries,,,,,,,,,,,,,,,,,,,
,AUSTRALIA,4373,8411,2679,15463,5080,229,3065,34871,735,38671,3063,40,10032,26752,2204,38988,,9806,1359
,AUSTRIA,1668,0,167,1835,1551,0,4340,0,618,4958,4201,0,329,4,90,423,,325,0
,CYPRUS,5,0,0,5,5,0,142,0,0,142,142,0,845,0,83,928,,667,0
,DENMARK,3819,4,530,4353,3901,1,684,441,454,1579,159,2,1763,7,2299,4069,,1824,7
,FINLAND,3708,6,283,3997,1743,0,2226,2,1857,4085,1996,0,717,2,788,1507,,734,0
,GREECE,1459,0,158,1617,1494,0,673,1,16,690,673,0,135,50,0,185,,135,0
,IRELAND,983,664,22,1669,1072,181,730,12234,12,12976,730,46,60208,7041,4460,71709,,62884,2551
,ISRAEL,4871,134,372,5377,4878,5,2218,3628,115,5961,2297,6,1516,66,824,2406,,1609,0
,NEW ZEALAND,431,333,66,830,562,0,2524,1476,214,4214,2522,0,792,0,127,919,,806,0
,NORWAY,4711,1,31,4743,4274,1,10485,51,344,10880,10250,0,892,3,143,1038,,878,2
,PORTUGAL,975,1,9,985,981,0,1648,44,2,1694,1592,0,102,0,4,106,,103,0
,SLOVAKIA,72,5,0,77,72,0,1444,6,42,1492,1444,0,6,12,0,18,,6,0
,SPAIN,5490,144,1515,7149,5300,3,10926,329,324,11579,10634,0,4830,19,276,5125,,4916,0
,OTHER NON G-10 DEV.,292,1,177,470,662,0,31700,0,2381,34081,31700,0,284,0,44,328,,310,0
,Total,32857,9704,6009,48570,31575,420,72805,53083,7114,133002,71403,94,82451,33956,11342,127749,,85003,3919
,,,,,,,,,,,,,,,,,,,,
,Eastern Europe,,,,,,,,,,,,,,,,,,,
,BULGARIA,2,0,5,7,37,0,47,434,0,481,47,22,43,0,0,43,,43,0
,CZECH REPUBLIC,1821,3,50,1874,1877,0,4657,3622,28,8307,4657,0,258,22,0,280,,258,2
,HUNGARY,734,24,72,830,796,6,3807,1719,30,5556,3803,0,21,21,14,56,,21,0
,KOSOVO,0,0,0,0,0,0,0,0,0,0,0,0,0,0,0,0,,0,0
,POLAND,441,534,35,1010,552,517,664,7894,0,8558,547,482,468,153,332,953,,465,12
,ROMANIA,216,107,12,335,226,0,383,1880,0,2263,383,191,77,38,0,115,,77,0
,RUSSIA,936,1245,0,2181,1043,1031,84,4089,0,4173,84,753,39,1405,26,1470,,39,0
,TURKEY,4934,17,228,5179,4801,0,975,1522,0,2497,964,254,561,118,1,680,,663,50
,OTHER E. EUROPE,245,1,41,287,245,1,1077,821,4,1902,1306,0,148,1,1,150,,62,0
,Total,9329,1931,443,11703,9577,1555,11694,21981,62,33737,11791,1702,1615,1758,374,3747,,1628,64
,,,,,,,,,,,,,,,,,,,,
,Latin America and Caribbean,,,,,,,,,,,,,,,,,,,
,ANGUILLA,0,0,0,0,0,0,0,0,0,0,0,0,152,0,31,183,,153,0
,ARGENTINA,450,53,0,503,443,2,183,4136,30,4349,183,504,28,51,0,79,,31,0
,BRAZIL,8416,4894,307,13617,3353,0,16371,29300,120,45791,16368,608,2276,4991,3356,10623,,2223,10
,CHILE,4622,10,370,5002,4582,0,170,3498,3,3671,170,0,797,2246,60,3103,,867,0
,COLOMBIA,2269,25,31,2325,2649,5,202,1509,14,1725,197,0,252,635,388,1275,,406,59
,COSTA RICA,104,186,0,290,108,69,32,702,9,743,32,169,43,0,6,49,,52,0
,DOMINICAN REPUBLIC,253,6,0,259,318,0,327,284,19,630,362,22,86,11,6,103,,89,2
,ECUADOR,64,27,59,150,64,27,19,172,0,191,19,172,3,10,0,13,,34,10
,EL SALVADOR,51,12,0,63,71,12,20,132,0,152,20,132,1,0,0,1,,6,0
,FRENCH GUIANA,0,0,0,0,0,0,0,0,0,0,0,0,0,0,0,0,,0,0
,GUATEMALA,514,10,0,524,535,0,33,319,3,355,33,35,4,0,2,6,,4,0
,HONDURAS,431,2,0,433,431,0,15,322,0,337,15,48,13,0,0,13,,13,0
,MEXICO,897,4502,666,6065,912,625,2004,32005,906,34915,2068,372,2668,11233,575,14476,,2891,606
,MONTSERRAT,0,0,0,0,0,0,0,0,0,0,0,0,0,0,0,0,,0,0
,PERU,925,29,22,976,966,9,360,1180,21,1561,360,132,99,52,49,200,,244,0
,URUGUAY,245,6,12,263,245,0,196,524,2,722,196,156,298,9,4,311,,301,0
,VENEZUELA,0,0,0,0,0,0,16,0,0,16,16,0,0,0,0,0,,3,0
,OTHER LAT. AM. & CAR.,145,86,18,249,216,32,73,720,1,794,121,96,23371,11,862,24244,,29573,11
,Total,19386,9848,1485,30719,14893,781,20021,74803,1128,95952,20160,2446,30091,19249,5339,54679,,36890,698
,,,,,,,,,,,,,,,,,,,,
,Asia and Pacific,,,,,,,,,,,,,,,,,,,
,CHINA-MAINLAND,12896,5543,1657,20096,11297,580,8847,22411,769,32027,8819,599,8008,3628,552,12188,,7356,412
,INDIA,5700,2851,433,8984,5056,30,1195,24525,51,25771,1195,0,2644,9938,472,13054,,2581,18
,INDONESIA,1511,715,19,2245,1255,587,2053,4610,90,6753,2059,1074,263,679,35,977,,304,16
,"KOREA, SOUTH",12789,4921,1480,19190,10921,719,19998,19731,1869,41598,17767,456,7707,8240,3508,19455,,7697,5
,KUWAIT,1250,0,5,1255,1184,0,8511,187,57,8755,8475,0,4590,0,42,4632,,4587,0
,MALAYSIA,2429,1491,200,4120,2064,488,324,11817,1,12142,324,3621,426,403,11,840,,429,88
,PAKISTAN,11,1,9,21,10,0,19,735,5,759,19,18,1,32,0,33,,1,0
,PHILIPPINES,1831,809,18,2658,1742,739,605,3435,11,4051,604,50,51,137,11,199,,51,0
,QATAR,4244,11,21,4276,3792,0,161,0,19,180,66,0,1540,0,3,1543,,1394,0
,SAUDI ARABIA,4291,451,8,4750,3786,95,7644,702,117,8463,7471,0,4191,339,57,4587,,4711,0
,TAIWAN,3093,1181,288,4562,2781,282,10079,7095,267,17441,10079,15,13687,722,575,14984,,13684,318
,THAILAND,946,3219,254,4419,783,202,1460,4986,246,6692,1460,0,615,84,110,809,,615,0
,UNITED ARAB EMIRATES,7958,488,64,8510,8514,358,4106,5262,202,9570,4065,113,4822,220,45,5087,,4952,246
,WEST BANK AND GAZA,0,0,0,0,3,0,0,0,0,0,0,0,0,0,0,0,,0,0
,OTHER ASIA AND PACIFIC,2448,231,40,2719,3034,8,832,4267,38,5137,1171,1922,628,79,6,713,,1021,0
,Total,61397,21912,4496,87805,56222,4088,65834,109763,3742,179339,63574,7868,49173,24501,5427,79101,,49383,1103
,,,,,,,,,,,,,,,,,,,,
,Africa,,,,,,,,,,,,,,,,,,,
,ALGERIA,3,34,0,37,6,0,0,803,0,803,0,75,3,0,0,3,,3,0
,EGYPT,1131,80,0,1211,1212,74,554,1996,0,2550,553,33,27,20,0,47,,27,0
,GHANA,42,0,0,42,42,0,1101,0,0,1101,1730,0,0,0,0,0,,0,0
,KENYA,199,28,1,228,205,11,65,498,0,563,65,22,4,0,0,4,,4,0
,MOROCCO,121,21,5,147,142,18,32,375,0,407,32,0,0,0,0,0,,0,0
,NIGERIA,803,389,4,1196,904,0,9327,1860,185,11372,9323,0,430,0,16,446,,430,0
,SAINT HELENA,0,0,0,0,0,0,0,0,0,0,0,0,0,0,0,0,,0,0
,SOUTH AFRICA,1171,546,86,1803,1075,2,945,5043,2,5990,897,1,1216,1695,15,2926,,1323,39
,SOUTH SUDAN,1,0,0,1,1,0,0,0,0,0,0,0,0,0,0,0,,0,0
,OTHER AFRICA,359,162,105,626,385,2,2501,1394,28,3923,2523,451,72,33,63,168,,217,0
,Total,3830,1260,201,5291,3972,107,14525,11969,215,26709,15123,582,1752,1748,94,3594,,2004,39
,,,,,,,,,,,,,,,,,,,,
,Banking Centers,,,,,,,,,,,,,,,,,,,
,BAHAMAS,24,36,1,61,2101,35,211,120,5,336,210,38,3606,22,32,3660,,3773,0
,BAHRAIN,2007,5,13,2025,2424,0,79,299,0,378,79,0,49,0,0,49,,49,0
,BERMUDA,88,6,0,94,80,6,4,0,0,4,4,0,10544,0,1278,11822,,12558,0
,CAYMAN ISLANDS,322,8,2,332,2437,0,89,11,0,100,89,11,431113,619,9749,441481,,470569,609
,HONG KONG,5974,4195,503,10672,7492,2737,79,18447,31,18557,79,16,13766,8346,898,23010,,13929,3370
,LEBANON,1,11,0,12,12,0,37,103,0,140,37,19,1,0,0,1,,1,0
,MAURITIUS,118,38,3,159,154,149,951,45,0,996,951,45,1368,5,116,1489,,1476,3
,PANAMA,1011,8,9,1028,1094,0,146,516,413,1075,182,514,1576,1,30,1607,,1926,0
,SINGAPORE,6298,2557,702,9557,8515,3264,31239,32899,387,64525,30939,4,6527,6702,1156,14385,,6230,4865
,OTHER BANKING CENTERS,40,7,0,47,249,30,24,143,13,180,48,0,18726,502,1258,20486,,19718,368
,Total,15883,6871,1233,23987,24558,6221,32859,52583,849,86291,32618,647,487276,16197,14517,517990,,530229,9215
,,,,,,,,,,,,,,,,,,,,
,International & Regional Organizations,,,,,,,,,,,,,,,,,,,
,AFRICAN,0,0,0,0,0,0,554,0,701,1255,596,0,0,0,0,0,,0,0
,ASIAN,0,0,0,0,0,0,3793,0,5244,9037,3582,0,0,0,0,0,,0,0
,CARIBBEAN,0,0,0,0,0,0,0,0,0,0,0,0,0,0,0,0,,0,0
,EUROPEAN,0,0,0,0,0,0,17756,0,7879,25635,17411,0,0,0,0,0,,0,0
,INTERNATIONAL,0,0,0,0,0,0,10514,0,12619,23133,8638,0,0,0,0,0,,0,0
,LATIN AMERICAN,0,0,0,0,0,0,3806,0,3515,7321,3710,0,0,0,0,0,,0,0
,MIDDLE EASTERN,0,0,0,0,0,0,36,0,7,43,33,0,0,0,0,0,,0,0
,Total,0,0,0,0,0,0,36459,0,29965,66424,33970,0,0,0,0,0,,0,0
,,,,,,,,,,,,,,,,,,,,
,UNITED STATES,37749,156930,15188,209867,17133,5057,57792,3029020,11911,3098723,53197,32,59881,3013791,68150,3141822,,58502,21578
,,,,,,,,,,,,,,,,,,,,
,Grand Total,355321,271274,56273,682868,312392,62941,414417,3903988,91897,4410302,396697,24315,1057265,3416857,174440,4648562,,1117703,84433
