"date","hhi","cr5"
2010-10-01,1977.54147521444,91.3736141066405
2010-11-01,2012.83676991077,92.5696856730825
2010-12-01,2040.51279112221,92.8114770039032
2011-01-01,2063.64284518167,92.4542582452177
2011-02-01,2081.54013258728,92.1573354563349
2011-03-01,2078.49426007945,92.4919935462245
2011-04-01,2087.3133736039,92.8252603333754
2011-05-01,2142.3379120383,93.7606483148101
2011-06-01,2129.75162188233,93.3542993005394
2011-07-01,2090.13336831407,93.3025375136629
2011-08-01,2052.71724876915,92.6315789000767
2011-09-01,2054.86296830902,91.7433397071309
2011-10-01,2032.32896075327,91.5560469296485
2011-11-01,2005.30868027844,90.2662448205299
2011-12-01,1979.92852773693,91.3946664780792
2012-01-01,2052.11056574482,91.1610702519686
2012-02-01,2016.85411742624,90.625589105251
2012-03-01,2017.88767380478,90.7489361140416
2012-04-01,1977.66209701533,90.7958250890756
2012-05-01,1982.71857412394,91.1962171126366
2012-06-01,1994.57348973804,91.2477581287171
2012-07-01,2067.41359362734,92.2906012649646
2012-08-01,2170.34500300055,93.0361542928514
2012-09-01,2155.64537947479,92.4085612768495
2012-10-01,2094.67302185767,92.1356386904341
2012-11-01,2130.01902544199,91.6142499793445
2012-12-01,2055.58215222235,89.8233649094863
2013-01-01,2073.27546875217,89.6215911478712
2013-02-01,2085.35644354091,90.3896295786918
2013-03-01,2030.37540731514,90.1658489173275
2013-04-01,2021.90190288946,89.6607786921661
2013-05-01,2008.06414201064,90.0828924768794
2013-06-01,2028.41660222587,89.4522869693229
2013-07-01,2020.76897939954,89.6228614511625
2013-08-01,2006.41567484049,89.9939294925793
2013-09-01,1998.5822688611,89.6532466471512
2013-10-01,2048.06495776624,90.2263538217287
2013-11-01,2094.41553399605,90.5943854258152
2013-12-01,2084.50419955691,90.4475720753094
2014-01-01,2094.53179002818,90.5799843969147
2014-02-01,2024.81744309878,89.160048334381
2014-03-01,2001.84713918967,88.1996023458338
2014-04-01,1962.91051531301,88.0047343804464
2014-05-01,1965.5968504268,88.2756066279677
2014-06-01,2012.43569491884,88.4218556019734
2014-07-01,1978.85857743464,88.3613027752836
2014-08-01,1946.72673335307,88.277634667757
2014-09-01,1974.8039925717,87.7026500479343
2014-10-01,1921.64308842014,87.0297919543155
2014-11-01,1907.15303273058,86.5820793291165
2014-12-01,2001.80267894488,86.881232159262
2015-01-01,1983.5551583573,87.273072070031
2015-02-01,1988.11063307477,86.9188077403593
2015-03-01,1989.77935621665,86.9732549427253
2015-04-01,1971.85916488973,87.3689016039224
2015-05-01,2062.20593189762,88.827757373396
2015-06-01,2130.96229511988,89.6910177930463
2015-07-01,2114.14066673796,89.3422601287737
2015-08-01,2089.09593695714,89.6577673846362
2015-09-01,2062.92295691364,89.602808892776
2015-10-01,2004.38222378091,89.1592659897204
2015-11-01,2025.04198029854,89.1146343972813
2015-12-01,2150.21054645761,89.7096269192875
2016-01-01,2079.60747074445,89.9980237354914
2016-02-01,2145.34435645408,90.6701344320817
2016-03-01,2153.46020973626,89.1705524576693
2016-04-01,2078.20622380301,88.276388667063
2016-05-01,2028.41847888232,87.5944568744668
2016-06-01,2016.1590914326,86.9007940626429
2016-07-01,1944.43376782968,86.6753413211493
2016-08-01,1982.98731949369,87.9811838630109
2016-09-01,2083.49270431693,88.2814753227732
2016-10-01,2116.69356488696,88.1739888923906
2016-11-01,2053.24690277789,87.9273769910262
2016-12-01,2214.11359148175,90.2283274139
2017-01-01,2141.3349696405,90.4952449980693
2017-02-01,2098.86015436123,90.4601568383557
2017-03-01,2101.12676574858,90.5054378972852
2017-04-01,2014.18027909289,89.9043658253803
2017-05-01,2038.87347831359,90.1449606111484
2017-06-01,2025.44891921003,89.7209943264876
2017-07-01,1930.18622265977,89.6250804287931
2017-08-01,1982.71611810073,89.5324812087075
2017-09-01,2101.56383351023,90.4565867887105
2017-10-01,2192.16720888302,91.0174995129451
2017-11-01,2244.83610574286,91.2801888824289
2017-12-01,2211.27921727169,91.0537313762942
2018-01-01,2128.61406309739,90.7463696184587
2018-02-01,2125.68960895228,91.5601595322939
2018-03-01,2110.97818096321,91.1597554413162
2018-04-01,2051.80072621323,91.1667080245434
2018-05-01,2011.40125241575,90.9440622651698
2018-06-01,1997.97133073408,90.6831829576562
2018-07-01,1974.87596885041,90.0179959939785
2018-08-01,1881.23345754329,87.9938767689457
2018-09-01,1938.15875011249,88.4906788314089
2018-10-01,1961.16968605323,88.3586475078675
2018-11-01,1877.96582608409,87.6915849665819
2018-12-01,1890.40440748798,88.5898971749108
2019-01-01,1849.30820037268,87.7016944621551
2019-02-01,1802.16210403328,87.026657895951
2019-03-01,1890.44193572145,86.7546843233847
2019-04-01,1854.29996331573,86.4331419530428
2019-05-01,1864.2204475303,87.113729006281
2019-06-01,1834.64637710995,87.1705631639833
2019-07-01,1775.97093108695,86.7056139471567
2019-08-01,1824.86341792938,87.2926121575938
2019-09-01,1883.04839038085,88.1263690167335
2019-10-01,1906.59270083672,87.9982793684073
2019-11-01,1970.93803706118,88.1466815069535
2019-12-01,1920.37759756726,88.7504109057983
2020-01-01,1829.60535273555,87.1584409645402
2020-02-01,1876.1611970126,87.6553040605622
2020-03-01,1920.50358269745,87.7809686869047
2020-04-01,1853.59582266767,87.1412827654418
2020-05-01,1870.55208193779,87.2313588114157
2020-06-01,1930.35601960423,87.854700264552
2020-07-01,1864.63638765542,87.5544490824746
2020-08-01,1890.16323873363,87.6408714068578
2020-09-01,1849.00694447687,86.6220472634077
2020-10-01,1850.61852575612,85.2107896103584
2020-11-01,1758.92417564081,85.473391287498
2020-12-01,1784.22787710778,87.4509663395022
2021-01-01,1855.7133487767,88.1617968324066
2021-02-01,1855.54204340358,88.3927337104521
2021-03-01,1871.74573977304,88.8800873871687
2021-04-01,1898.24219630041,88.7192470762154
2021-05-01,1877.57126431542,89.2482568457984
2021-06-01,1840.82767108573,89.2104124680168
2021-07-01,1818.17400584579,88.7923248098381
2021-08-01,1812.51456522327,88.8597285580853
2021-09-01,1799.34388649369,88.9083439430986
2021-10-01,1792.70396487794,88.7457254831572
2021-11-01,1820.20208560194,89.0291260817143
2021-12-01,1808.34476786845,89.5262594204729
2022-01-01,1835.31460821646,90.0013273993638
2022-02-01,1811.10109126034,89.1651026360415
2022-03-01,1873.18841778933,89.0425012805897
2022-04-01,1865.42043399895,88.768715839476
2022-05-01,1835.73045488154,88.9229166539285
2022-06-01,1854.92325496906,89.2792940849371
2022-07-01,1830.13588817177,89.1394969905357
2022-08-01,1819.08212500196,88.9634504889396
2022-09-01,1765.85335198793,88.058648588039
2022-10-01,1795.533701483,87.9425096964912
2022-11-01,1809.09945930978,89.1183741428668
2022-12-01,1846.74277727483,89.8563844955887
2023-01-01,1802.12771602982,88.8861169914093
2023-02-01,1790.19236918721,88.4094980086497
2023-03-01,1765.25530567292,87.1446576817048
2023-04-01,1780.83031366982,87.8464249541244
2023-05-01,1760.43321870722,87.5744345453583
2023-06-01,1761.31630162372,87.3728582054958
2023-07-01,1707.86758595902,86.4262316250712
2023-08-01,1703.88586092961,86.2262865294011
2023-09-01,1713.44684782601,86.3662023856934
2023-10-01,1731.72658370936,86.5091652730174
2023-11-01,1766.2093081187,86.6466772656345
2023-12-01,1798.98520524428,87.6574902932226
2024-01-01,1789.42650911506,87.1768112077404
2024-02-01,1750.32510594875,86.0497586423014
2024-03-01,1731.93218193506,85.5910856567429
2024-04-01,1718.30227429256,85.4220710475503
2024-05-01,1687.8640371045,85.0599117861579
2024-06-01,1709.41691721389,85.1073861808567
2024-07-01,1712.2341067632,85.0648969375917
2024-08-01,1687.96636878276,84.5471837335454
2024-09-01,1726.73683765093,84.3971713761962
2024-10-01,1731.86517387015,84.0703973512145
2024-11-01,1712.30075871328,83.5405415524995
2024-12-01,1713.14006180673,85.1199879750432
