date,year,month,tf_month,exports_annual,tf_pct_exports
2010-10-01,2010,10,3033.7219713499417,40952.285,7.407943100977006
2010-11-01,2010,11,3102.3652459947757,40952.285,7.575560792260494
2010-12-01,2010,12,3099.149300238544,40952.285,7.567707883060845
2011-01-01,2011,1,3018.9489166901126,52290.063,5.773465824070842
2011-02-01,2011,2,3003.210662960828,52290.063,5.743367842109557
2011-03-01,2011,3,3150.085672177851,52290.063,6.0242529678685814
2011-04-01,2011,4,3353.6709824402856,52290.063,6.413591397738966
2011-05-01,2011,5,3699.4858905406854,52290.063,7.074931025691603
2011-06-01,2011,6,3532.279888953152,52290.063,6.755164722125409
2011-07-01,2011,7,3622.443371371204,52290.063,6.927594199630634
2011-08-01,2011,8,3526.439409461293,52290.063,6.743995335139092
2011-09-01,2011,9,3307.1253050365954,52290.063,6.324577013870868
2011-10-01,2011,10,3194.3840639762125,52290.063,6.108969621964717
2011-11-01,2011,11,3101.7078238985555,52290.063,5.9317347234761515
2011-12-01,2011,12,3222.453924080393,52290.063,6.162650681985969
2012-01-01,2012,1,3132.3220238474137,52942.531,5.916456891430849
2012-02-01,2012,2,3030.499563160845,52942.531,5.724130497578298
2012-03-01,2012,3,2913.0037256728397,52942.531,5.5021995938819765
2012-04-01,2012,4,2988.613487467313,52942.531,5.645014378831478
2012-05-01,2012,5,3175.2933366702337,52942.531,5.997622850086698
2012-06-01,2012,6,3311.6775444714867,52942.531,6.255230873777997
2012-07-01,2012,7,3690.3631165379793,52942.531,6.970507542485982
2012-08-01,2012,8,3901.760931134352,52942.531,7.369804309382852
2012-09-01,2012,9,3645.7384811876996,52942.531,6.88621872117844
2012-10-01,2012,10,3644.7218086589264,52942.531,6.884298388867971
2012-11-01,2012,11,3566.9092502559556,52942.531,6.737322872334825
2012-12-01,2012,12,3628.956230181063,52942.531,6.854519724757894
2013-01-01,2013,1,3662.7941840629123,49812.273,7.35319623752747
2013-02-01,2013,2,3721.144788813323,49812.273,7.470337257674073
2013-03-01,2013,3,3648.729063215595,49812.273,7.324959981680809
2013-04-01,2013,4,3635.824764857305,49812.273,7.299054120371711
2013-05-01,2013,5,3719.203385421994,49812.273,7.466439817797502
2013-06-01,2013,6,3874.5011877106613,49812.273,7.778205960829496
2013-07-01,2013,7,3951.5573711943866,49812.273,7.932899129486396
2013-08-01,2013,8,4190.256261331339,49812.273,8.412096073855812
2013-09-01,2013,9,4195.497667301269,49812.273,8.422618392261018
2013-10-01,2013,10,4219.948623281204,49812.273,8.471704600352616
2013-11-01,2013,11,4469.469249742932,49812.273,8.97262658490395
2013-12-01,2013,12,4577.9230251921745,49812.273,9.190351593054535
2014-01-01,2014,1,4607.6611632321155,45389.773,10.15132012938711
2014-02-01,2014,2,4491.912849678618,45389.773,9.896310452309638
2014-03-01,2014,3,4441.211263006728,45389.773,9.784607786002207
2014-04-01,2014,4,4376.526411681977,45389.773,9.642098037551271
2014-05-01,2014,5,4625.84346117175,45389.773,10.191378267460713
2014-06-01,2014,6,4882.03470428643,45389.773,10.755803304604386
2014-07-01,2014,7,5080.995864836656,45389.773,11.194142488521933
2014-08-01,2014,8,5343.985328722621,45389.773,11.773544954108099
2014-09-01,2014,9,5273.856220066407,45389.773,11.619040747497035
2014-10-01,2014,10,5043.711664590814,45389.773,11.11200019570667
2014-11-01,2014,11,5120.0285659797355,45389.773,11.280136972660637
2014-12-01,2014,12,5145.286367940289,45389.773,11.33578343284574
2015-01-01,2015,1,5164.531459856186,40289.52,12.818547999222096
2015-02-01,2015,2,5234.874118197092,40289.52,12.993140941359172
2015-03-01,2015,3,5215.825585577359,40289.52,12.945861816118335
2015-04-01,2015,4,5445.812064727508,40289.52,13.516696313898771
2015-05-01,2015,5,5776.698572977423,40289.52,14.337968218478213
2015-06-01,2015,6,5962.448949770381,40289.52,14.799007160597549
2015-07-01,2015,7,6070.450730621257,40289.52,15.067071364020364
2015-08-01,2015,8,5972.229397640665,40289.52,14.82328257482508
2015-09-01,2015,9,6010.244936521526,40289.52,14.917638474028797
2015-10-01,2015,10,5677.200821383379,40289.52,14.091011313570823
2015-11-01,2015,11,5475.935649346994,40289.52,13.59146410616705
2015-12-01,2015,12,5298.591494471625,40289.52,13.151289701320904
2016-01-01,2016,1,5331.6513533590705,43205.969,12.340080495264603
2016-02-01,2016,2,5314.805873866054,43205.969,12.301091716901556
2016-03-01,2016,3,5081.730116807001,43205.969,11.761639038362965
2016-04-01,2016,4,4977.916622580549,43205.969,11.521363223170738
2016-05-01,2016,5,4864.993571219398,43205.969,11.260003383373714
2016-06-01,2016,6,4963.4310257451925,43205.969,11.487836381461998
2016-07-01,2016,7,5269.605312122025,43205.969,12.196475241932486
2016-08-01,2016,8,5342.030278326559,43205.969,12.364102465394444
2016-09-01,2016,9,5152.1921017189625,43205.969,11.924722951402762
2016-10-01,2016,10,5014.958103712842,43205.969,11.607095546712173
2016-11-01,2016,11,4906.216337384272,43205.969,11.355413270292058
2016-12-01,2016,12,5004.763450979865,43205.969,11.583500073751072
2017-01-01,2017,1,5241.125101065998,52116.125,10.05662854071748
2017-02-01,2017,2,5254.649612274358,52116.125,10.082579263662367
2017-03-01,2017,3,5252.419732582751,52116.125,10.078300588508357
2017-04-01,2017,4,5218.45461357557,52116.125,10.01312859230338
2017-05-01,2017,5,5348.891973744653,52116.125,10.263410746183936
2017-06-01,2017,6,5193.2491633588525,52116.125,9.964764577870769
2017-07-01,2017,7,5085.534529469301,52116.125,9.758082607771204
2017-08-01,2017,8,5014.632000789343,52116.125,9.622035408022647
2017-09-01,2017,9,5303.615041558762,52116.125,10.176533734153798
2017-10-01,2017,10,5284.503779427061,52116.125,10.1398631986301
2017-11-01,2017,11,5574.489937687559,52116.125,10.696286298506575
2017-12-01,2017,12,5308.781775624808,52116.125,10.18644762177696
2018-01-01,2018,1,5513.775660892411,56170.164,9.816200039744253
2018-02-01,2018,2,5749.181495966528,56170.164,10.235294125127583
2018-03-01,2018,3,5938.186723814389,56170.164,10.571780997140028
2018-04-01,2018,4,6083.0096765791795,56170.164,10.829609962647039
2018-05-01,2018,5,6605.730576127059,56170.164,11.760212372046945
2018-06-01,2018,6,6728.163138900943,56170.164,11.978179623796262
2018-07-01,2018,7,6665.979085564619,56170.164,11.86747306909166
2018-08-01,2018,8,6426.338687604988,56170.164,11.440840172026181
2018-09-01,2018,9,6675.60636353636,56170.164,11.884612556118512
2018-10-01,2018,10,6497.770324293348,56170.164,11.568010241688716
2018-11-01,2018,11,6230.3371746867215,56170.164,11.091897781688374
2018-12-01,2018,12,6117.913016706651,56170.164,10.891748538791255
2019-01-01,2019,1,6010.099624126652,54921.41,10.943090543608863
2019-02-01,2019,2,5909.3397343433135,54921.41,10.759628593554522
2019-03-01,2019,3,5720.762048314912,54921.41,10.416269444493343
2019-04-01,2019,4,5826.517444835297,54921.41,10.608827131050163
2019-05-01,2019,5,5854.39804718116,54921.41,10.659591673231187
2019-06-01,2019,6,5990.760728142863,54921.41,10.907878599880926
2019-07-01,2019,7,5775.0783627658275,54921.41,10.51516769646997
2019-08-01,2019,8,5844.678704531946,54921.41,10.64189485399582
2019-09-01,2019,9,5727.235715447806,54921.41,10.42805659113232
2019-10-01,2019,10,5617.740355621568,54921.41,10.228689240901803
2019-11-01,2019,11,5581.198572683688,54921.41,10.162154563554884
2019-12-01,2019,12,5250.810437474351,54921.41,9.560589281073357
2020-01-01,2020,1,5205.76792985437,46221.148,11.262740444816234
2020-02-01,2020,2,5152.628601766,46221.148,11.147772880426942
2020-03-01,2020,3,5605.615467736869,46221.148,12.12781531894636
2020-04-01,2020,4,5650.191803834898,46221.148,12.224256748955906
2020-05-01,2020,5,5589.644786862654,46221.148,12.093262562112592
2020-06-01,2020,6,5401.607012131815,46221.148,11.686440614005985
2020-07-01,2020,7,5211.725287687951,46221.148,11.275629258901036
2020-08-01,2020,8,4686.637893940165,46221.148,10.13959647635789
2020-09-01,2020,9,4104.439758796077,46221.148,8.88000392979438
2020-10-01,2020,10,3811.026854524074,46221.148,8.245201643464316
2020-11-01,2020,11,3588.4745471167175,46221.148,7.763707095974158
2020-12-01,2020,12,3537.9545040484613,46221.148,7.654406385684019
2021-01-01,2021,1,3849.2025465765482,66017.578,5.830572194842635
2021-02-01,2021,2,3993.091852830961,66017.578,6.048528246266414
2021-03-01,2021,3,4096.866563693709,66017.578,6.205720791050089
2021-04-01,2021,4,4249.922113986864,66017.578,6.437561393098766
2021-05-01,2021,5,4628.391803157561,66017.578,7.010847630850016
2021-06-01,2021,6,4769.053470340433,66017.578,7.223914622163862
2021-07-01,2021,7,5040.91247326252,66017.578,7.63571252684023
2021-08-01,2021,8,5034.333329060351,66017.578,7.625746780744292
2021-09-01,2021,9,4916.638917404024,66017.578,7.44746939580853
2021-10-01,2021,10,4932.71472505762,66017.578,7.471820194702721
2021-11-01,2021,11,4932.540714668996,66017.578,7.471556612799392
2021-12-01,2021,12,5086.028732874619,66017.578,7.704052294791275
2022-01-01,2022,1,5293.215415947345,71094.258,7.445348703051861
2022-02-01,2022,2,5323.274918770449,71094.258,7.48762989940826
2022-03-01,2022,3,5659.4877833789105,71094.258,7.960541318792455
2022-04-01,2022,4,5838.248619874367,71094.258,8.211983336086533
2022-05-01,2022,5,6052.420615973983,71094.258,8.513234101091516
2022-06-01,2022,6,6278.660470062481,71094.258,8.831459314284539
2022-07-01,2022,7,6632.229951802467,71094.258,9.328784262439967
2022-08-01,2022,8,6520.020920959986,71094.258,9.170952907279778
2022-09-01,2022,9,6206.896680850903,71094.258,8.730517562826105
2022-10-01,2022,10,6056.751815361678,71094.258,8.519326294061159
2022-11-01,2022,11,6143.665568276043,71094.258,8.64157773230581
2022-12-01,2022,12,6057.585526161146,71094.258,8.52049897779529
2023-01-01,2023,1,6258.379069289928,72464.711,8.636450739850366
2023-02-01,2023,2,6412.730807852978,72464.711,8.849453367519782
2023-03-01,2023,3,6359.903075853091,72464.711,8.776552045937354
2023-04-01,2023,4,6273.72251898707,72464.711,8.657624424924665
2023-05-01,2023,5,6118.781874071358,72464.711,8.443809117063006
2023-06-01,2023,6,6171.676833727464,72464.711,8.516803211603872
2023-07-01,2023,7,6115.451455097183,72464.711,8.439213198679814
2023-08-01,2023,8,6059.165774329627,72464.711,8.361539969889106
2023-09-01,2023,9,6107.167863924835,72464.711,8.427781991602554
2023-10-01,2023,10,5956.4172783371105,72464.711,8.2197488903766
2023-11-01,2023,11,6093.046398411042,72464.711,8.408294622759266
2023-12-01,2023,12,5989.339803443357,72464.711,8.265181383864702
2024-01-01,2024,1,5794.22863590519,83660.156,6.925911823431442
2024-02-01,2024,2,5637.843765550707,83660.156,6.738983089573376
2024-03-01,2024,3,5422.48377466792,83660.156,6.481560678261131
2024-04-01,2024,4,5385.6136513440815,83660.156,6.437489372293402
2024-05-01,2024,5,5835.379539685851,83660.156,6.9750999982427135
2024-06-01,2024,6,6009.788695914535,83660.156,7.183573379799261
2024-07-01,2024,7,6083.567461563085,83660.156,7.271762033964036
2024-08-01,2024,8,5946.997534313464,83660.156,7.108518342128675
2024-09-01,2024,9,5818.279593900893,83660.156,6.9546602254732734
2024-10-01,2024,10,5575.9630473082325,83660.156,6.665016315901004
2024-11-01,2024,11,5530.749451324506,83660.156,6.610971955783235
2024-12-01,2024,12,5417.489806394606,83660.156,6.475591327363298
