"date","size_category","tf_usd_millions"
2010-10-01,"Corporate",1221.10802577647
2010-10-01,"Large",1242.76724711391
2010-10-01,"Medium",540.382205043068
2010-10-01,"Small",25.6866568033168
2010-10-01,"Micro",3.77783661317416
2010-11-01,"Corporate",1193.38877617334
2010-11-01,"Large",1282.86096488108
2010-11-01,"Medium",596.841851792645
2010-11-01,"Small",24.4282659361987
2010-11-01,"Micro",4.84538721151811
2010-12-01,"Corporate",1132.19857132125
2010-12-01,"Large",1292.85304354684
2010-12-01,"Medium",645.056977078364
2010-12-01,"Small",24.4309549008438
2010-12-01,"Micro",4.60975339124862
2011-01-01,"Corporate",1077.18938852938
2011-01-01,"Large",1292.62208908127
2011-01-01,"Medium",621.764048288425
2011-01-01,"Small",22.572870277387
2011-01-01,"Micro",4.80052051365292
2011-02-01,"Corporate",947.333525503621
2011-02-01,"Large",1384.69414240874
2011-02-01,"Medium",645.65122755775
2011-02-01,"Small",20.995818429493
2011-02-01,"Micro",4.53594906122743
2011-03-01,"Corporate",1000.68805079512
2011-03-01,"Large",1456.75063552378
2011-03-01,"Medium",668.051940216073
2011-03-01,"Small",20.8310630678172
2011-03-01,"Micro",3.76398257505528
2011-04-01,"Corporate",1225.09430485151
2011-04-01,"Large",1445.89680220781
2011-04-01,"Medium",656.455025972783
2011-04-01,"Small",21.7563971507548
2011-04-01,"Micro",4.46845225742434
2011-05-01,"Corporate",1490.62413037165
2011-05-01,"Large",1491.62597363383
2011-05-01,"Medium",690.113021096543
2011-05-01,"Small",21.7355164337053
2011-05-01,"Micro",5.38724900494817
2011-06-01,"Corporate",1337.09638028517
2011-06-01,"Large",1520.56446124691
2011-06-01,"Medium",647.317455652554
2011-06-01,"Small",20.5216162701877
2011-06-01,"Micro",6.77997549832678
2011-07-01,"Corporate",1330.51796420123
2011-07-01,"Large",1559.91455723569
2011-07-01,"Medium",696.664783155666
2011-07-01,"Small",27.1451987770152
2011-07-01,"Micro",8.20086800160631
2011-08-01,"Corporate",1309.94338930287
2011-08-01,"Large",1500.38019500899
2011-08-01,"Medium",674.288429781071
2011-08-01,"Small",31.6961660530272
2011-08-01,"Micro",10.1312293153398
2011-09-01,"Corporate",1157.48440212712
2011-09-01,"Large",1486.06028113711
2011-09-01,"Medium",627.990338893896
2011-09-01,"Small",27.2255888344089
2011-09-01,"Micro",8.36469404405668
2011-10-01,"Corporate",1093.96410343172
2011-10-01,"Large",1388.10130391563
2011-10-01,"Medium",682.46455324517
2011-10-01,"Small",24.8568031879133
2011-10-01,"Micro",4.99730019578146
2011-11-01,"Corporate",1016.74774663828
2011-11-01,"Large",1380.28818149944
2011-11-01,"Medium",674.749778844872
2011-11-01,"Small",23.3891674861163
2011-11-01,"Micro",6.5329494298408
2011-12-01,"Corporate",1096.43532972041
2011-12-01,"Large",1350.72142812964
2011-12-01,"Medium",746.126740803916
2011-12-01,"Small",23.1295629301394
2011-12-01,"Micro",6.0408624962919
2012-01-01,"Corporate",1093.09655205607
2012-01-01,"Large",1320.48186709176
2012-01-01,"Medium",689.338957235277
2012-01-01,"Small",22.5800653033908
2012-01-01,"Micro",6.82458216091612
2012-02-01,"Corporate",967.825582921726
2012-02-01,"Large",1295.55246354568
2012-02-01,"Medium",740.853161827013
2012-02-01,"Small",21.8054935027088
2012-02-01,"Micro",4.46286136372128
2012-03-01,"Corporate",903.26582583777
2012-03-01,"Large",1304.10395251518
2012-03-01,"Medium",678.945971658295
2012-03-01,"Small",22.3613344778469
2012-03-01,"Micro",4.32664118374691
2012-04-01,"Corporate",984.466179633911
2012-04-01,"Large",1327.60702813128
2012-04-01,"Medium",647.9378407246
2012-04-01,"Small",22.0873585326107
2012-04-01,"Micro",6.51508044491605
2012-05-01,"Corporate",1024.36540725434
2012-05-01,"Large",1393.64116652891
2012-05-01,"Medium",725.005843068521
2012-05-01,"Small",23.9225295634847
2012-05-01,"Micro",8.35839025497214
2012-06-01,"Corporate",1211.72440638409
2012-06-01,"Large",1340.24483121279
2012-06-01,"Medium",723.549760860449
2012-06-01,"Small",24.8004577751151
2012-06-01,"Micro",11.3580882390384
2012-07-01,"Corporate",1385.62341776654
2012-07-01,"Large",1589.54425066373
2012-07-01,"Medium",681.483775634248
2012-07-01,"Small",26.6015205887946
2012-07-01,"Micro",7.11015188467537
2012-08-01,"Corporate",1529.92289600429
2012-08-01,"Large",1594.39646679692
2012-08-01,"Medium",739.418534245106
2012-08-01,"Small",31.9122295636517
2012-08-01,"Micro",6.11080452438417
2012-09-01,"Corporate",1322.05889849902
2012-09-01,"Large",1596.9767633799
2012-09-01,"Medium",693.402554705
2012-09-01,"Small",29.8633609129046
2012-09-01,"Micro",3.4369036908748
2012-10-01,"Corporate",1233.69495453003
2012-10-01,"Large",1679.09938959772
2012-10-01,"Medium",698.273453276508
2012-10-01,"Small",28.6900595402476
2012-10-01,"Micro",4.96395171442897
2012-11-01,"Corporate",1136.76295221438
2012-11-01,"Large",1679.72311146359
2012-11-01,"Medium",720.958719169318
2012-11-01,"Small",25.6880447219421
2012-11-01,"Micro",3.77642268672923
2012-12-01,"Corporate",1183.94333973585
2012-12-01,"Large",1688.98531217275
2012-12-01,"Medium",723.840519282018
2012-12-01,"Small",28.4206554514814
2012-12-01,"Micro",3.76640353895595
2013-01-01,"Corporate",1228.8297836639
2013-01-01,"Large",1687.39088067715
2013-01-01,"Medium",720.037479298056
2013-01-01,"Small",23.7649976524367
2013-01-01,"Micro",2.77104277136438
2013-02-01,"Corporate",1295.87001925886
2013-02-01,"Large",1699.63526895166
2013-02-01,"Medium",702.254888558291
2013-02-01,"Small",21.6283668998029
2013-02-01,"Micro",1.75624514471193
2013-03-01,"Corporate",1233.98836364022
2013-03-01,"Large",1691.90199158078
2013-03-01,"Medium",694.665148627678
2013-03-01,"Small",25.6887819301293
2013-03-01,"Micro",2.48477743678826
2013-04-01,"Corporate",1201.93625477225
2013-04-01,"Large",1708.11770854281
2013-04-01,"Medium",701.104181564922
2013-04-01,"Small",22.3980750822151
2013-04-01,"Micro",2.26854489510489
2013-05-01,"Corporate",1222.10745710267
2013-05-01,"Large",1807.66100186701
2013-05-01,"Medium",666.759674377055
2013-05-01,"Small",20.1004239788089
2013-05-01,"Micro",2.57482809645598
2013-06-01,"Corporate",1229.82250738798
2013-06-01,"Large",1962.36410923856
2013-06-01,"Medium",657.263816971505
2013-06-01,"Small",22.556981246182
2013-06-01,"Micro",2.49377286643429
2013-07-01,"Corporate",1342.53603029457
2013-07-01,"Large",1952.70421497906
2013-07-01,"Medium",625.88275878521
2013-07-01,"Small",23.0676317405777
2013-07-01,"Micro",7.36673539496761
2013-08-01,"Corporate",1552.20348007978
2013-08-01,"Large",1975.09401836022
2013-08-01,"Medium",631.486395551519
2013-08-01,"Small",23.64124389714
2013-08-01,"Micro",7.8311234426755
2013-09-01,"Corporate",1587.64174666116
2013-09-01,"Large",1941.62639834405
2013-09-01,"Medium",633.050963472108
2013-09-01,"Small",22.0878410862459
2013-09-01,"Micro",11.0907177377061
2013-10-01,"Corporate",1604.57961711949
2013-10-01,"Large",1933.06515582661
2013-10-01,"Medium",653.422024124387
2013-10-01,"Small",22.6973653070049
2013-10-01,"Micro",6.18446090371865
2013-11-01,"Corporate",1754.56200221365
2013-11-01,"Large",2030.01903064839
2013-11-01,"Medium",655.341608972437
2013-11-01,"Small",23.1856711510997
2013-11-01,"Micro",6.36093675735504
2013-12-01,"Corporate",1882.4464736637
2013-12-01,"Large",2067.96573410562
2013-12-01,"Medium",601.807075015195
2013-12-01,"Small",23.0110912724802
2013-12-01,"Micro",2.69265113518538
2014-01-01,"Corporate",1986.58364107997
2014-01-01,"Large",2052.18505443433
2014-01-01,"Medium",552.151826265812
2014-01-01,"Small",21.0720092584063
2014-01-01,"Micro",-4.33136780639903
2014-02-01,"Corporate",1913.72430286388
2014-02-01,"Large",1969.94958102057
2014-02-01,"Medium",584.125687291101
2014-02-01,"Small",21.4877781066991
2014-02-01,"Micro",2.62550039637194
2014-03-01,"Corporate",1913.31207407197
2014-03-01,"Large",1894.94154161654
2014-03-01,"Medium",604.919377709364
2014-03-01,"Small",22.9813343808948
2014-03-01,"Micro",5.05693522796028
2014-04-01,"Corporate",1760.84920754112
2014-04-01,"Large",1955.24153384605
2014-04-01,"Medium",605.763576636046
2014-04-01,"Small",20.5342286797693
2014-04-01,"Micro",34.1378649789931
2014-05-01,"Corporate",1951.41680195171
2014-05-01,"Large",2023.08804105465
2014-05-01,"Medium",596.497571172473
2014-05-01,"Small",21.2077444267746
2014-05-01,"Micro",33.6333025661414
2014-06-01,"Corporate",2053.74363287216
2014-06-01,"Large",2163.56326661662
2014-06-01,"Medium",605.500278743029
2014-06-01,"Small",23.3843944015444
2014-06-01,"Micro",35.8431316530816
2014-07-01,"Corporate",2270.95167808993
2014-07-01,"Large",2147.3037115698
2014-07-01,"Medium",605.486519744084
2014-07-01,"Small",20.7303131817857
2014-07-01,"Micro",36.5236422510544
2014-08-01,"Corporate",2446.69965429134
2014-08-01,"Large",2239.51807048979
2014-08-01,"Medium",602.425090130445
2014-08-01,"Small",19.8565921275623
2014-08-01,"Micro",35.4859216834851
2014-09-01,"Corporate",2343.97957768209
2014-09-01,"Large",2244.77735857716
2014-09-01,"Medium",627.555801999032
2014-09-01,"Small",20.420952365636
2014-09-01,"Micro",37.1225294424846
2014-10-01,"Corporate",2140.98670084128
2014-10-01,"Large",2202.98473786806
2014-10-01,"Medium",672.545562268732
2014-10-01,"Small",20.7643784720085
2014-10-01,"Micro",6.43028514072706
2014-11-01,"Corporate",2183.42954937355
2014-11-01,"Large",2208.1251217753
2014-11-01,"Medium",698.892060492264
2014-11-01,"Small",20.849541808161
2014-11-01,"Micro",8.73229253046694
2014-12-01,"Corporate",2193.13802090574
2014-12-01,"Large",2224.88243717209
2014-12-01,"Medium",701.570926860114
2014-12-01,"Small",21.4367924723247
2014-12-01,"Micro",4.25819053002348
2015-01-01,"Corporate",2268.56466264422
2015-01-01,"Large",2171.63820978918
2015-01-01,"Medium",702.41346773329
2015-01-01,"Small",18.7559095701912
2015-01-01,"Micro",3.15921011930054
2015-02-01,"Corporate",2350.2318871567
2015-02-01,"Large",2166.18925096284
2015-02-01,"Medium",697.880447880453
2015-02-01,"Small",16.9511200387722
2015-02-01,"Micro",3.62141215831987
2015-03-01,"Corporate",2353.6576141096
2015-03-01,"Large",2148.31282629897
2015-03-01,"Medium",694.88392256503
2015-03-01,"Small",16.7636141095979
2015-03-01,"Micro",2.20760849415865
2015-04-01,"Corporate",2437.41057037558
2015-04-01,"Large",2295.66864781525
2015-04-01,"Medium",694.838270557775
2015-04-01,"Small",15.1328177561131
2015-04-01,"Micro",2.76175822279048
2015-05-01,"Corporate",2741.00447843957
2015-05-01,"Large",2347.63942085748
2015-05-01,"Medium",669.152185196796
2015-05-01,"Small",15.7085833475824
2015-05-01,"Micro",3.19390513599949
2015-06-01,"Corporate",2887.15468106442
2015-06-01,"Large",2385.11912661676
2015-06-01,"Medium",670.971891419226
2015-06-01,"Small",15.4069948100151
2015-06-01,"Micro",3.79625585996477
2015-07-01,"Corporate",2975.32500819574
2015-07-01,"Large",2437.63954604468
2015-07-01,"Medium",636.62811547041
2015-07-01,"Small",18.0801434380776
2015-07-01,"Micro",2.77791747235189
2015-08-01,"Corporate",2834.59815723241
2015-08-01,"Large",2457.2689096319
2015-08-01,"Medium",659.376562615032
2015-08-01,"Small",18.9521281514422
2015-08-01,"Micro",2.03364000988203
2015-09-01,"Corporate",2849.74172787185
2015-09-01,"Large",2471.05219617913
2015-09-01,"Medium",669.3287525245
2015-09-01,"Small",18.3241668217343
2015-09-01,"Micro",1.7980931243022
2015-10-01,"Corporate",2569.30614705864
2015-10-01,"Large",2399.77554433934
2015-10-01,"Medium",688.350055018858
2015-10-01,"Small",18.2032999574157
2015-10-01,"Micro",1.5657750091252
2015-11-01,"Corporate",2482.79038796458
2015-11-01,"Large",2281.87167722036
2015-11-01,"Medium",693.053191814493
2015-11-01,"Small",15.7574253857316
2015-11-01,"Micro",2.46296696182663
2015-12-01,"Corporate",2435.08935178859
2015-12-01,"Large",2151.4170020508
2015-12-01,"Medium",693.398763182258
2015-12-01,"Small",15.976667450854
2015-12-01,"Micro",2.70970999912109
2016-01-01,"Corporate",2528.7543633268
2016-01-01,"Large",2106.64326145425
2016-01-01,"Medium",680.769378845932
2016-01-01,"Small",12.6791720125605
2016-01-01,"Micro",2.80517771952063
2016-02-01,"Corporate",2597.02810949423
2016-02-01,"Large",2040.9525806286
2016-02-01,"Medium",663.126334689246
2016-02-01,"Small",12.8828101551641
2016-02-01,"Micro",0.816038898817122
2016-03-01,"Corporate",2360.53796566127
2016-03-01,"Large",2040.09485985746
2016-03-01,"Medium",665.715348267877
2016-03-01,"Small",13.7932635743069
2016-03-01,"Micro",1.58867944608167
2016-04-01,"Corporate",2201.67857178728
2016-04-01,"Large",2073.54771755858
2016-04-01,"Medium",687.624299743714
2016-04-01,"Small",13.8897728368318
2016-04-01,"Micro",1.17626065413717
2016-05-01,"Corporate",2131.35337171142
2016-05-01,"Large",2050.31266850139
2016-05-01,"Medium",667.446099828087
2016-05-01,"Small",13.1406280307072
2016-05-01,"Micro",2.74080314778588
2016-06-01,"Corporate",2247.92286750934
2016-06-01,"Large",2043.85891035216
2016-06-01,"Medium",654.320640481906
2016-06-01,"Small",15.3040784722433
2016-06-01,"Micro",2.02452892953724
2016-07-01,"Corporate",2518.47247014627
2016-07-01,"Large",2053.06519954122
2016-07-01,"Medium",680.659455170256
2016-07-01,"Small",16.0028346828731
2016-07-01,"Micro",1.40535258140436
2016-08-01,"Corporate",2607.42360132238
2016-08-01,"Large",2028.39544735525
2016-08-01,"Medium",691.143384016611
2016-08-01,"Small",13.8200618159863
2016-08-01,"Micro",1.24778381633975
2016-09-01,"Corporate",2461.26598730794
2016-09-01,"Large",1978.98749919644
2016-09-01,"Medium",694.676411408725
2016-09-01,"Small",15.9369693589215
2016-09-01,"Micro",1.32523444693001
2016-10-01,"Corporate",2416.06051574614
2016-10-01,"Large",1938.81948208086
2016-10-01,"Medium",640.667794197385
2016-10-01,"Small",17.4421729340071
2016-10-01,"Micro",1.96813875445898
2016-11-01,"Corporate",2309.53184570491
2016-11-01,"Large",1936.66223767432
2016-11-01,"Medium",639.071447664947
2016-11-01,"Small",18.1942139780851
2016-11-01,"Micro",2.75659236200633
2016-12-01,"Corporate",2414.35797843996
2016-12-01,"Large",1928.35400101263
2016-12-01,"Medium",643.957070434239
2016-12-01,"Small",16.3688182868716
2016-12-01,"Micro",1.72558280617108
2017-01-01,"Corporate",2649.15492814851
2017-01-01,"Large",1915.05538302622
2017-01-01,"Medium",659.704957597539
2017-01-01,"Small",15.0856384917613
2017-01-01,"Micro",2.12419380196753
2017-02-01,"Corporate",2693.13609680959
2017-02-01,"Large",1893.48755842962
2017-02-01,"Medium",652.540536378682
2017-02-01,"Small",13.9061355634558
2017-02-01,"Micro",1.57928509301542
2017-03-01,"Corporate",2676.86315344531
2017-03-01,"Large",1938.20914872031
2017-03-01,"Medium",619.033896305525
2017-03-01,"Small",16.9776689491818
2017-03-01,"Micro",1.33586516242156
2017-04-01,"Corporate",2560.40286614583
2017-04-01,"Large",2035.10165613597
2017-04-01,"Medium",605.286186304241
2017-04-01,"Small",16.8103225098619
2017-04-01,"Micro",0.853582479659764
2017-05-01,"Corporate",2609.72339152108
2017-05-01,"Large",2100.70074314294
2017-05-01,"Medium",620.169252437386
2017-05-01,"Small",16.470589966402
2017-05-01,"Micro",1.82799667684789
2017-06-01,"Corporate",2451.9723771404
2017-06-01,"Large",2086.39839958499
2017-06-01,"Medium",638.83958215746
2017-06-01,"Small",13.5509429370715
2017-06-01,"Micro",2.48786153893449
2017-07-01,"Corporate",2386.16754729096
2017-07-01,"Large",2064.01531799445
2017-07-01,"Medium",619.8247721444
2017-07-01,"Small",13.9785031934588
2017-07-01,"Micro",1.54838884603517
2017-08-01,"Corporate",2336.74296720523
2017-08-01,"Large",2035.32486267884
2017-08-01,"Medium",623.594034765046
2017-08-01,"Small",16.9458594875432
2017-08-01,"Micro",2.02427665268871
2017-09-01,"Corporate",2580.15474588423
2017-09-01,"Large",2034.80665558515
2017-09-01,"Medium",666.865275899226
2017-09-01,"Small",18.2826178375731
2017-09-01,"Micro",3.50574635258823
2017-10-01,"Corporate",2611.76836120496
2017-10-01,"Large",1991.14770741561
2017-10-01,"Medium",659.964678787039
2017-10-01,"Small",18.8808799286132
2017-10-01,"Micro",2.74215209083356
2017-11-01,"Corporate",2869.92946797468
2017-11-01,"Large",2013.95645365545
2017-11-01,"Medium",666.994410413708
2017-11-01,"Small",20.0035958845323
2017-11-01,"Micro",3.60600975918494
2017-12-01,"Corporate",2659.80674774452
2017-12-01,"Large",2027.63195246837
2017-12-01,"Medium",599.029701724776
2017-12-01,"Small",20.4593507219994
2017-12-01,"Micro",1.85402296513422
2018-01-01,"Corporate",2852.79820012438
2018-01-01,"Large",2068.8808874658
2018-01-01,"Medium",571.628588252487
2018-01-01,"Small",19.2079851461443
2018-01-01,"Micro",1.25999990360696
2018-02-01,"Corporate",3160.43721375241
2018-02-01,"Large",2020.79353316578
2018-02-01,"Medium",549.407316765256
2018-02-01,"Small",16.8097167959052
2018-02-01,"Micro",1.7337154871732
2018-03-01,"Corporate",3294.82067750209
2018-03-01,"Large",2090.18998361676
2018-03-01,"Medium",536.191996518291
2018-03-01,"Small",14.9639110150853
2018-03-01,"Micro",2.02015516215965
2018-04-01,"Corporate",3371.66760846743
2018-04-01,"Large",2148.06187138857
2018-04-01,"Medium",546.025260884281
2018-04-01,"Small",15.4407325405372
2018-04-01,"Micro",1.81420329836005
2018-05-01,"Corporate",3763.814672416
2018-05-01,"Large",2244.79986163409
2018-05-01,"Medium",578.88946338424
2018-05-01,"Small",16.5443620219915
2018-05-01,"Micro",1.68221667073916
2018-06-01,"Corporate",3802.26512056695
2018-06-01,"Large",2315.62887994929
2018-06-01,"Medium",590.283100332957
2018-06-01,"Small",18.0448163423649
2018-06-01,"Micro",1.94122170938082
2018-07-01,"Corporate",3721.24147149883
2018-07-01,"Large",2387.36556223159
2018-07-01,"Medium",536.905028623354
2018-07-01,"Small",18.0808158434894
2018-07-01,"Micro",2.38620736736003
2018-08-01,"Corporate",3424.7192694794
2018-08-01,"Large",2422.62011280131
2018-08-01,"Medium",556.883219217125
2018-08-01,"Small",19.4000668415148
2018-08-01,"Micro",2.71601926563779
2018-09-01,"Corporate",3643.07713308485
2018-09-01,"Large",2443.74900843636
2018-09-01,"Medium",566.54867520606
2018-09-01,"Small",20.7662513424242
2018-09-01,"Micro",1.46529546666667
2018-10-01,"Corporate",3501.58160971496
2018-10-01,"Large",2389.36308364905
2018-10-01,"Medium",586.006003741093
2018-10-01,"Small",18.2069557393112
2018-10-01,"Micro",2.61267144893112
2018-11-01,"Corporate",3195.54306475943
2018-11-01,"Large",2429.18679131694
2018-11-01,"Medium",583.622979950349
2018-11-01,"Small",18.4571368926587
2018-11-01,"Micro",3.52720176734838
2018-12-01,"Corporate",3124.13682141651
2018-12-01,"Large",2390.782314565
2018-12-01,"Medium",579.678436212566
2018-12-01,"Small",19.9647619508872
2018-12-01,"Micro",3.35068256168725
2019-01-01,"Corporate",3026.25445618547
2019-01-01,"Large",2396.60557403962
2019-01-01,"Medium",565.736822337935
2019-01-01,"Small",18.8379099219688
2019-01-01,"Micro",2.66486164165666
2019-02-01,"Corporate",2872.70198143597
2019-02-01,"Large",2447.21447300905
2019-02-01,"Medium",570.941957602082
2019-02-01,"Small",15.7729439325605
2019-02-01,"Micro",2.70837836365287
2019-03-01,"Corporate",2722.73967159594
2019-03-01,"Large",2394.38217809836
2019-03-01,"Medium",584.121373797549
2019-03-01,"Small",15.8053770050899
2019-03-01,"Micro",3.71344781796826
2019-04-01,"Corporate",2758.71902511937
2019-04-01,"Large",2446.84645041402
2019-04-01,"Medium",600.753747579328
2019-04-01,"Small",16.706892574796
2019-04-01,"Micro",3.49132914777878
2019-05-01,"Corporate",2789.6514357784
2019-05-01,"Large",2451.19904191379
2019-05-01,"Medium",592.991744645238
2019-05-01,"Small",16.8190555325137
2019-05-01,"Micro",3.73676931121316
2019-06-01,"Corporate",2916.52640122492
2019-06-01,"Large",2466.878567231
2019-06-01,"Medium",586.829531568389
2019-06-01,"Small",16.8124286656535
2019-06-01,"Micro",3.71379945288753
2019-07-01,"Corporate",2703.02382180099
2019-07-01,"Large",2472.78783281174
2019-07-01,"Medium",575.150311448767
2019-07-01,"Small",19.996531361769
2019-07-01,"Micro",4.11986534255679
2019-08-01,"Corporate",2774.71443252995
2019-08-01,"Large",2445.61528062447
2019-08-01,"Medium",599.723259633325
2019-08-01,"Small",21.0771726199935
2019-08-01,"Micro",3.54855912421647
2019-09-01,"Corporate",2678.61989196584
2019-09-01,"Large",2425.62797734539
2019-09-01,"Medium",598.185486555566
2019-09-01,"Small",21.9220287858641
2019-09-01,"Micro",2.88033079514227
2019-10-01,"Corporate",2657.29314003463
2019-10-01,"Large",2346.1101
2019-10-01,"Medium",586.920907335204
2019-10-01,"Small",23.8505954024361
2019-10-01,"Micro",3.56561284929544
2019-11-01,"Corporate",2628.83193061945
2019-11-01,"Large",2340.35243553444
2019-11-01,"Medium",585.752493467263
2019-11-01,"Small",22.714843131949
2019-11-01,"Micro",3.54686993058415
2019-12-01,"Corporate",2340.11036648461
2019-12-01,"Large",2314.80130912191
2019-12-01,"Medium",569.481669665057
2019-12-01,"Small",22.955473074834
2019-12-01,"Micro",3.46161912794206
2020-01-01,"Corporate",2289.05973066244
2020-01-01,"Large",2328.45894867985
2020-01-01,"Medium",564.310988979991
2020-01-01,"Small",20.687730150367
2020-01-01,"Micro",3.25053138171916
2020-02-01,"Corporate",2319.63405079195
2020-02-01,"Large",2263.15417717209
2020-02-01,"Medium",549.399572507082
2020-02-01,"Small",18.6438741054396
2020-02-01,"Micro",1.79692718943291
2020-03-01,"Corporate",2665.31493400512
2020-03-01,"Large",2391.86597327691
2020-03-01,"Medium",531.168586939452
2020-03-01,"Small",15.1769816814983
2020-03-01,"Micro",2.08899183388588
2020-04-01,"Corporate",2591.13745469383
2020-04-01,"Large",2477.07615603619
2020-04-01,"Medium",564.936323914136
2020-04-01,"Small",15.6021761006475
2020-04-01,"Micro",1.43969309009196
2020-05-01,"Corporate",2599.32502709341
2020-05-01,"Large",2446.36937741682
2020-05-01,"Medium",526.240096200688
2020-05-01,"Small",16.2203924683876
2020-05-01,"Micro",1.48989368335179
2020-06-01,"Corporate",2601.88792232818
2020-06-01,"Large",2299.7786432344
2020-06-01,"Medium",486.482242881729
2020-06-01,"Small",12.9276630769665
2020-06-01,"Micro",0.530540610540571
2020-07-01,"Corporate",2626.91818678465
2020-07-01,"Large",2140.34769975648
2020-07-01,"Medium",433.182816055501
2020-07-01,"Small",10.8957278493558
2020-07-01,"Micro",0.380857241965171
2020-08-01,"Corporate",2346.80096961622
2020-08-01,"Large",1983.05536239461
2020-08-01,"Medium",347.587245328934
2020-08-01,"Small",8.76008526069425
2020-08-01,"Micro",0.434231339706173
2020-09-01,"Corporate",1965.11495675991
2020-09-01,"Large",1810.06870059168
2020-09-01,"Medium",322.409061057251
2020-09-01,"Small",6.34925287369093
2020-09-01,"Micro",0.497787513542042
2020-10-01,"Corporate",1758.07561927504
2020-10-01,"Large",1739.02725492252
2020-10-01,"Medium",305.771847897068
2020-10-01,"Small",7.29564068622025
2020-10-01,"Micro",0.856491743220808
2020-11-01,"Corporate",1564.50159017743
2020-11-01,"Large",1718.65331397006
2020-11-01,"Medium",301.198274349875
2020-11-01,"Small",3.21346174937621
2020-11-01,"Micro",0.907906869975048
2020-12-01,"Corporate",1620.31380009935
2020-12-01,"Large",1625.11928832653
2020-12-01,"Medium",290.20549453858
2020-12-01,"Small",2.07609327740369
2020-12-01,"Micro",0.23982780660117
2021-01-01,"Corporate",1882.1610866881
2021-01-01,"Large",1672.76558767172
2021-01-01,"Medium",291.930604962083
2021-01-01,"Small",2.10530680844049
2021-01-01,"Micro",0.23996044620288
2021-02-01,"Corporate",1985.63677144383
2021-02-01,"Large",1705.76868707371
2021-02-01,"Medium",299.279405390747
2021-02-01,"Small",1.95320032322568
2021-02-01,"Micro",0.453788599446682
2021-03-01,"Corporate",2052.3178236639
2021-03-01,"Large",1721.7571199111
2021-03-01,"Medium",320.400743431279
2021-03-01,"Small",1.9269013760247
2021-03-01,"Micro",0.463975311402108
2021-04-01,"Corporate",2191.1010290817
2021-04-01,"Large",1727.26086512518
2021-04-01,"Medium",329.170717186799
2021-04-01,"Small",1.97590667686707
2021-04-01,"Micro",0.413595916321524
2021-05-01,"Corporate",2466.2072728486
2021-05-01,"Large",1813.23751626838
2021-05-01,"Medium",347.227540975215
2021-05-01,"Small",1.71947305492439
2021-05-01,"Micro",1.04468646347515e-08
2021-06-01,"Corporate",2496.59621184776
2021-06-01,"Large",1930.81945099228
2021-06-01,"Medium",338.348801427536
2021-06-01,"Small",1.53982216695166
2021-06-01,"Micro",1.74918390590186
2021-07-01,"Corporate",2660.58374214807
2021-07-01,"Large",2030.50462536968
2021-07-01,"Medium",347.578258086061
2021-07-01,"Small",1.99693203371451
2021-07-01,"Micro",0.248915625
2021-08-01,"Corporate",2656.77583894611
2021-08-01,"Large",2025.58395954693
2021-08-01,"Medium",349.312118917729
2021-08-01,"Small",2.41996372532231
2021-08-01,"Micro",0.241447924260586
2021-09-01,"Corporate",2517.82952715647
2021-09-01,"Large",2053.5631145368
2021-09-01,"Medium",342.981821557392
2021-09-01,"Small",1.8493426481965
2021-09-01,"Micro",0.415111505173581
2021-10-01,"Corporate",2440.3120516209
2021-10-01,"Large",2099.30408129322
2021-10-01,"Medium",390.650131478605
2021-10-01,"Small",2.05653582773825
2021-10-01,"Micro",0.391924837158032
2021-11-01,"Corporate",2387.61497707063
2021-11-01,"Large",2150.52900995229
2021-11-01,"Medium",391.078651414027
2021-11-01,"Small",2.09319233228408
2021-11-01,"Micro",1.22488389976392
2021-12-01,"Corporate",2443.33221356595
2021-12-01,"Large",2228.64219412192
2021-12-01,"Medium",411.19393923397
2021-12-01,"Small",2.28864628515566
2021-12-01,"Micro",0.571739667619191
2022-01-01,"Corporate",2501.55455709826
2022-01-01,"Large",2362.88368076693
2022-01-01,"Medium",425.165986188506
2022-01-01,"Small",3.06516807929447
2022-01-01,"Micro",0.546023814355213
2022-02-01,"Corporate",2473.56683329786
2022-02-01,"Large",2391.91452291506
2022-02-01,"Medium",454.16412305339
2022-02-01,"Small",3.22964129977921
2022-02-01,"Micro",0.399798204357426
2022-03-01,"Corporate",2694.02103439015
2022-03-01,"Large",2489.86811003384
2022-03-01,"Medium",471.352756810613
2022-03-01,"Small",3.64718419385407
2022-03-01,"Micro",0.5986979504535
2022-04-01,"Corporate",2886.38001588907
2022-04-01,"Large",2503.93662160507
2022-04-01,"Medium",444.071864515456
2022-04-01,"Small",3.51542588489809
2022-04-01,"Micro",0.344691979878017
2022-05-01,"Corporate",3001.14936692125
2022-05-01,"Large",2585.57156582825
2022-05-01,"Medium",461.850013048524
2022-05-01,"Small",3.66143566146705
2022-05-01,"Micro",0.188234514492362
2022-06-01,"Corporate",3221.39548504431
2022-06-01,"Large",2599.56695582307
2022-06-01,"Medium",453.37527707108
2022-06-01,"Small",4.03579036938279
2022-06-01,"Micro",0.286961754633623
2022-07-01,"Corporate",3518.20512844942
2022-07-01,"Large",2644.28267143585
2022-07-01,"Medium",464.460780545075
2022-07-01,"Small",4.82029340454822
2022-07-01,"Micro",0.461077967570875
2022-08-01,"Corporate",3363.9725379469
2022-08-01,"Large",2693.3968348995
2022-08-01,"Medium",455.293837078447
2022-08-01,"Small",5.22410916560493
2022-08-01,"Micro",2.13360186952339
2022-09-01,"Corporate",2989.4712420507
2022-09-01,"Large",2719.97473201556
2022-09-01,"Medium",490.394785898595
2022-09-01,"Small",5.40122590110441
2022-09-01,"Micro",1.65469498493976
2022-10-01,"Corporate",2849.33822877402
2022-10-01,"Large",2719.61485663351
2022-10-01,"Medium",480.348530906266
2022-10-01,"Small",5.66721648668288
2022-10-01,"Micro",1.78298256119866
2022-11-01,"Corporate",2932.81973834739
2022-11-01,"Large",2727.00492555455
2022-11-01,"Medium",475.908489308601
2022-11-01,"Small",6.54192364249578
2022-11-01,"Micro",1.39049142301206
2022-12-01,"Corporate",2901.87446886926
2022-12-01,"Large",2678.76004713514
2022-12-01,"Medium",469.861184876284
2022-12-01,"Small",6.68430158052003
2022-12-01,"Micro",0.405523699937094
2023-01-01,"Corporate",3051.59742293642
2023-01-01,"Large",2666.05117943049
2023-01-01,"Medium",535.633824825275
2023-01-01,"Small",4.86550760736835
2023-01-01,"Micro",0.231134490373873
2023-02-01,"Corporate",3276.27285579318
2023-02-01,"Large",2630.08318690295
2023-02-01,"Medium",501.585337562398
2023-02-01,"Small",4.27952953339288
2023-02-01,"Micro",0.509898061058274
2023-03-01,"Corporate",3277.34454105985
2023-03-01,"Large",2597.43502926544
2023-03-01,"Medium",480.704940698417
2023-03-01,"Small",3.35611733283725
2023-03-01,"Micro",1.06244749654513
2023-04-01,"Corporate",3200.8661380334
2023-04-01,"Large",2587.20137068696
2023-04-01,"Medium",481.904862260237
2023-04-01,"Small",3.37159787176725
2023-04-01,"Micro",0.378550134698276
2023-05-01,"Corporate",2960.99831701584
2023-05-01,"Large",2688.21528096791
2023-05-01,"Medium",462.997323086329
2023-05-01,"Small",3.39072257275617
2023-05-01,"Micro",3.18023042852097
2023-06-01,"Corporate",3030.4924776611
2023-06-01,"Large",2699.84732819029
2023-06-01,"Medium",433.101657529904
2023-06-01,"Small",4.64800471032467
2023-06-01,"Micro",3.58736563585249
2023-07-01,"Corporate",3095.69603647489
2023-07-01,"Large",2573.86526933385
2023-07-01,"Medium",438.717497148236
2023-07-01,"Small",4.91063453125864
2023-07-01,"Micro",2.26201760894844
2023-08-01,"Corporate",3058.36205983711
2023-08-01,"Large",2571.44674788267
2023-08-01,"Medium",420.751297488974
2023-08-01,"Small",5.42440459723462
2023-08-01,"Micro",3.18126452363557
2023-09-01,"Corporate",3041.9138842975
2023-09-01,"Large",2612.18278327228
2023-09-01,"Medium",442.779685631078
2023-09-01,"Small",7.60498644545766
2023-09-01,"Micro",2.68652427852305
2023-10-01,"Corporate",2960.60934770838
2023-10-01,"Large",2535.66675635373
2023-10-01,"Medium",450.351306756299
2023-10-01,"Small",7.18426404804711
2023-10-01,"Micro",2.60560347064801
2023-11-01,"Corporate",3156.56707184282
2023-11-01,"Large",2461.78719891394
2023-11-01,"Medium",467.142821921729
2023-11-01,"Small",6.94273958483802
2023-11-01,"Micro",0.606566147714202
2023-12-01,"Corporate",3127.30640649064
2023-12-01,"Large",2399.01679957969
2023-12-01,"Medium",456.264179614711
2023-12-01,"Small",6.04385835376533
2023-12-01,"Micro",0.708559404553416
2024-01-01,"Corporate",3064.21775900455
2024-01-01,"Large",2260.64894869787
2024-01-01,"Medium",462.121179946391
2024-01-01,"Small",5.93148974588075
2024-01-01,"Micro",1.30925851049852
2024-02-01,"Corporate",2920.52113999471
2024-02-01,"Large",2269.63249898982
2024-02-01,"Medium",440.18988512495
2024-02-01,"Small",6.38324316012164
2024-02-01,"Micro",1.11699828110538
2024-03-01,"Corporate",2770.87748206238
2024-03-01,"Large",2217.19912721699
2024-03-01,"Medium",426.962915168056
2024-03-01,"Small",6.89714831137403
2024-03-01,"Micro",0.547101909115353
2024-04-01,"Corporate",2795.05275414147
2024-04-01,"Large",2123.2617136113
2024-04-01,"Medium",460.462393757826
2024-04-01,"Small",6.5902987025443
2024-04-01,"Micro",0.246491130944452
2024-05-01,"Corporate",3069.46688526397
2024-05-01,"Large",2290.46034497873
2024-05-01,"Medium",467.102946913382
2024-05-01,"Small",6.7125686468117
2024-05-01,"Micro",1.63679388295738
2024-06-01,"Corporate",3281.20496313965
2024-06-01,"Large",2248.51630243095
2024-06-01,"Medium",472.295422152163
2024-06-01,"Small",6.5337333298593
2024-06-01,"Micro",1.23827486190724
2024-07-01,"Corporate",3326.47536959375
2024-07-01,"Large",2276.56708804143
2024-07-01,"Medium",473.133161797148
2024-07-01,"Small",6.11638103040087
2024-07-01,"Micro",1.27546110034974
2024-08-01,"Corporate",3262.6931134052
2024-08-01,"Large",2205.24538629596
2024-08-01,"Medium",471.832207551096
2024-08-01,"Small",5.7071564891403
2024-08-01,"Micro",1.51967057206895
2024-09-01,"Corporate",3143.05848639907
2024-09-01,"Large",2189.08025487848
2024-09-01,"Medium",479.131243349249
2024-09-01,"Small",5.60332193898195
2024-09-01,"Micro",1.4062873351137
2024-10-01,"Corporate",3489.35218793813
2024-10-01,"Large",1543.38022035076
2024-10-01,"Medium",323.910269680809
2024-10-01,"Small",218.670521902943
2024-10-01,"Micro",0.649847435591287
2024-11-01,"Corporate",3555.33604843783
2024-11-01,"Large",1581.48444060831
2024-11-01,"Medium",298.365046712775
2024-11-01,"Small",95.4623854865414
2024-11-01,"Micro",0.10153007904294
2024-12-01,"Corporate",3463.8528263824
2024-12-01,"Large",1534.21910643176
2024-12-01,"Medium",338.022462497347
2024-12-01,"Small",81.3465101146253
2024-12-01,"Micro",0.0489009684780301
